full_name,age,birthday,birthday_GMT,league,season,position,Current Club,minutes_played_overall,minutes_played_home,minutes_played_away,nationality,appearances_overall,appearances_home,appearances_away,goals_overall,goals_home,goals_away,assists_overall,assists_home,assists_away,penalty_goals,penalty_misses,clean_sheets_overall,clean_sheets_home,clean_sheets_away,conceded_overall,conceded_home,conceded_away,yellow_cards_overall,red_cards_overall,goals_involved_per_90_overall,assists_per_90_overall,goals_per_90_overall,goals_per_90_home,goals_per_90_away,min_per_goal_overall,conceded_per_90_overall,min_per_conceded_overall,min_per_match,min_per_card_overall,min_per_assist_overall,cards_per_90_overall,rank_in_league_top_attackers,rank_in_league_top_midfielders,rank_in_league_top_defenders,rank_in_club_top_scorer,ending_year,average_rating_overall,assists_per_game_overall,sm_assists_total_overall,assists_per90_percentile_overall,passes_per_90_overall,passes_per_game_overall,passes_per90_percentile_overall,passes_total_overall,passes_completed_per_game_overall,passes_completed_total_overall,pass_completion_rate_percentile_overall,passes_completed_per_90_overall,passes_completed_per90_percentile_overall,short_passes_per_game_overall,long_passes_per_game_overall,key_passes_per_game_overall,key_passes_total_overall,through_passes_per_game_overall,crosses_per_game_overall,tackles_per_90_overall,tackles_per_game_overall,tackles_total_overall,tackles_successful_per_game_overall,dispossesed_per_game_overall,possession_regained_per_game_overall,pressures_per_game_overall,saves_per_game_overall,interceptions_per_game_overall,dribbles_successful_per_game_overall,shots_faced_per_game_overall,shots_per_goal_scored_overall,shots_per_90_overall,shots_off_target_per_game_overall,dribbles_per_game_overall,distance_travelled_per_game_overall,shots_on_target_per_game_overall,xg_per_game_overall,chances_created_per_game_overall,aerial_duels_won_per_game_overall,aerial_duels_per_game_overall,possession_regained_per_90_overall,possession_regained_total_overall,possession_regained_per90_percentile_overall,additional_info,shots_total_overall,shots_per_game_overall,shots_per90_percentile_overall,shots_on_target_total_overall,shots_on_target_per_90_overall,shots_on_target_per90_percentile_overall,shots_off_target_total_overall,shots_off_target_per_90_overall,shots_off_target_per90_percentile_overall,games_subbed_out,games_subbed_in,games_started,tackles_per90_percentile_overall,tackles_successful_per_90_overall,tackles_successful_per90_percentile_overall,tackles_successful_total_overall,interceptions_total_overall,interceptions_per_90_overall,interceptions_per90_percentile_overall,crosses_total_overall,cross_completion_rate_percentile_overall,crosses_per_90_overall,crosses_per90_percentile_overall,through_passes_total_overall,through_passes_per_90_overall,through_passes_per90_percentile_overall,long_passes_total_overall,long_passes_per_90_overall,long_passes_per90_percentile_overall,short_passes_total_overall,short_passes_per_90_overall,short_passes_per90_percentile_overall,key_passes_per_90_overall,key_passes_per90_percentile_overall,dribbles_total_overall,dribbles_per_90_overall,dribbles_per90_percentile_overall,dribbles_successful_total_overall,dribbles_successful_per_90_overall,dribbles_successful_percentage_overall,chances_created_total_overall,chances_created_per_90_overall,chances_created_per90_percentile_overall,saves_total_overall,save_percentage_percentile_overall,saves_per_90_overall,saves_per90_percentile_overall,shots_faced_total_overall,shots_per_goal_conceded_overall,sm_goals_conceded_total_overall,conceded_per90_percentile_overall,shots_faced_per_90_overall,shots_faced_per90_percentile_overall,xg_faced_per_90_overall,xg_faced_per90_percentile_overall,xg_faced_per_game_overall,xg_faced_total_overall,save_percentage_overall,pressures_total_overall,pressures_per_90_overall,pressures_per90_percentile_overall,xg_total_overall,pass_completion_rate_overall,shot_accuraccy_percentage_overall,shot_accuraccy_percentage_percentile_overall,sm_goals_scored_total_overall,dribbled_past_per90_percentile_overall,dribbled_past_per_game_overall,dribbled_past_per_90_overall,dribbled_past_total_overall,dribbles_successful_per90_percentile_overall,dribbles_successful_percentage_percentile_overall,pen_scored_total_overall,pen_missed_total_overall,inside_box_saves_total_overall,blocks_per_game_overall,blocks_per_90_overall,blocks_total_overall,blocks_per90_percentile_overall,ratings_total_overall,clearances_per_game_overall,clearances_per_90_overall,clearances_total_overall,pen_committed_total_overall,pen_save_percentage_overall,pen_committed_per_90_overall,pen_committed_per90_percentile_overall,pen_committed_per_game_overall,pens_saved_total_overall,pens_taken_total_overall,hit_woodwork_total_overall,hit_woodwork_per_game_overall,hit_woodwork_per_90_overall,punches_total_overall,punches_per_game_overall,punches_per_90_overall,offsides_per_90_overall,offsides_per_game_overall,offsides_total_overall,penalties_won_total_overall,shot_conversion_rate_overall,shot_conversion_rate_percentile_overall,sm_minutes_played_per90_percentile_overall,sm_minutes_played_recorded_overall,minutes_played_percentile_overall,matches_played_percentile_overall,min_per_goal_percentile_overall,min_per_conceded_percentile_overall,xa_total_overall,xa_per90_percentile_overall,xa_per_game_overall,xa_per_90_overall,npxg_total_overall,npxg_per90_percentile_overall,npxg_per_game_overall,npxg_per_90_overall,fouls_drawn_per90_percentile_overall,fouls_drawn_total_overall,fouls_drawn_per_game_overall,fouls_drawn_per_90_overall,fouls_committed_per_90_overall,fouls_committed_per_game_overall,fouls_committed_per90_percentile_overall,fouls_committed_total_overall,xg_per_90_overall,xg_per90_percentile_overall,average_rating_percentile_overall,clearances_per90_percentile_overall,hit_woodwork_per90_percentile_overall,punches_per90_percentile_overall,offsides_per90_percentile_overall,aerial_duels_won_per90_percentile_overall,aerial_duels_total_overall,aerial_duels_per_90_overall,aerial_duels_per90_percentile_overall,aerial_duels_won_total_overall,aerial_duels_won_percentage_overall,aerial_duels_won_per_90_overall,duels_per_90_overall,duels_per_game_overall,duels_total_overall,duels_won_total_overall,duels_won_per90_percentile_overall,duels_per90_percentile_overall,duels_won_per_90_overall,duels_won_per_game_overall,duels_won_percentage_overall,dispossesed_total_overall,dispossesed_per_90_overall,dispossesed_per90_percentile_overall,progressive_passes_total_overall,cross_completion_rate_overall,distance_travelled_total_overall,distance_travelled_per_90_overall,distance_travelled_per90_percentile_overall,accurate_crosses_total_overall,accurate_crosses_per_game_overall,accurate_crosses_per_90_overall,accurate_crosses_per90_percentile_overall,sm_matches_recorded_total_overall,games_started_percentile_overall,games_subbed_in_percentile_overall,games_subbed_out_percentile_overall,hattricks_total_overall,two_goals_in_a_game_total_overall,three_goals_in_a_game_total_overall,two_goals_in_a_game_percentage_overall,three_goals_in_a_game_percentage_overall,goals_involved_per90_percentile_overall,goals_per90_percentile_overall,goals_per90_percentile_away,goals_per90_percentile_home,man_of_the_match_total_overall,annual_salary_eur,annual_salary_eur_percentile,clean_sheets_percentage_percentile_overall,min_per_card_percentile_overall,cards_per90_percentile_overall,booked_over05_overall,booked_over05_percentage_overall,booked_over05_percentage_percentile_overall,shirt_number,market_value_euro
Lionel Messi,38,551516400,1987/06/24,WC Qualification South America,2026,Forward,Argentina,957,564,393,Argentina,12,7,5,8,6,2,3,3,0,0,0,8,5,3,6,3,3,0,0,1.03,0.28,0.75,0.96,0.46,120,0.56,160,80,0,319,0,1,11,-1,1,2026,8.02,0.25,3,95,49.40,46.11,81,415,37.11,334,49,39.76,76,0.00,0.00,2.00,18,0.00,3.11,0.24,0.22,2,0.00,1.56,0.00,0.00,0.00,0.11,2.11,0.00,3.83,2.74,0.89,3.78,0.00,1.67,0.65,0.00,0.22,0.00,0.00,0,0,,23,2.56,98,15,1.79,99,8,0.95,93,1,1,8,12,0.00,99,0,1,0.12,17,28,71,3.33,86,0,0.00,99,0,0.00,0,0,0.00,0,2.14,96,34,4.05,95,19,2.26,55.88,0,0.00,0,0,0,0.00,0,0,0.00,0,76,0.00,0,N/A,N/A,N/A,N/A,0.00,0,0.00,0,5.81,80.48,65.22,83,6,79,0.22,0.24,2,96,72,0,0,0,0.00,0.00,0,43,72.15,0.00,0.00,0,0,0.00,0.00,99,0.00,0,0,2,0.22,0.24,0,0.00,0.00,0.24,0.22,2,0,26.09,87,N/A,756,68,64,62,77,3.12,97,0.35,0.37,5.81,99,0.65,0.69,99,29,3.22,3.45,0.60,0.56,17,5,0.69,99,98,5,95,0,79,17,0,0.00,99,2,0.00,0.24,10.36,9.67,87,51,86,68,6.07,5.67,58.62,14,1.67,12,0,21.43,0,0.00,99,6,0.67,0.71,85,9,72,73,63,1,2,1,17,8,98,99,98,98,0,N/A,N/A,92,27,27,0,0,33,10,N/A
Lionel Messi,38,551516400,1987/06/24,MLS,2026,Forward,Inter Miami,270,0,270,Argentina,3,0,3,3,0,3,1,0,1,0,0,0,0,0,5,0,5,0,0,1.33,0.33,1,0,1,90,1.67,54,90,0,270,0,-1,-1,-1,1,2026,7.92,0.33,1,84,52.33,52.33,77,157,42.00,126,36,42.00,71,0.00,0.00,2.33,7,0.00,2.33,0.67,0.67,2,0.00,2.00,0.00,0.00,0.00,0.33,1.00,2.00,4.67,4.67,3.00,2.00,0.00,1.67,0.95,0.00,0.67,0.00,0.00,0,0,,14,4.67,99,5,1.67,97,9,3.00,99,0,0,3,28,0.00,99,0,1,0.33,35,7,80,2.33,77,0,0.00,99,0,0.00,0,0,0.00,0,2.33,95,6,2.00,79,3,1.00,50.00,0,0.00,0,0,0,0.00,0,6,0.00,6,32,2.00,74,N/A,N/A,N/A,N/A,0.00,0,0.00,0,2.86,80.25,35.71,67,3,16,1.00,1.00,3,83,71,0,0,0,0.00,0.00,0,51,23.77,0.00,0.00,0,0,0.00,0.00,99,0.00,0,0,0,0.00,0.00,0,0.00,0.00,0.33,0.33,1,0,21.43,82,N/A,270,99,99,77,46,1.11,92,0.37,0.37,2.86,99,0.95,0.95,88,6,2.00,2.00,0.67,0.67,34,2,0.95,99,99,10,94,0,82,51,0,0.00,99,2,0.00,0.67,9.00,9.00,27,13,66,68,4.33,4.33,48.15,6,2.00,7,0,28.57,0,0.00,99,2,0.67,0.67,80,3,99,92,46,0,1,0,33,0,98,98,98,83,0,N/A,N/A,30,66,66,0,0,67,10,N/A
Lionel Messi,38,551516400,1987/06/24,Club Friendlies 1,2026,Forward,Inter Miami,82,0,82,Argentina,1,0,1,1,0,1,1,0,1,0,0,0,0,0,1,0,1,0,0,2.2,1.1,1.1,0,1.1,82,1.1,82,82,0,82,0,-1,-1,-1,2,2026,7.21,1,0,99,46.06,32.50,81,65,27.00,54,41,38.27,78,0.00,0.00,1.00,2,0.00,0.50,0.00,0.00,0,0.00,1.00,0.00,0.00,0.00,0.00,0.00,0.50,5.00,3.54,1.50,0.50,0.00,1.00,0.49,0.00,0.00,0.00,0.00,0,0,,5,2.50,97,2,1.42,99,3,2.13,94,1,0,1,78,0.00,99,0,0,0.00,56,1,99,0.71,84,0,0.00,99,0,0.00,0,0,0.00,0,1.42,97,1,0.71,81,0,0.00,0.00,0,0.00,0,0,0,0.00,0,1,0.00,1,47,0.71,33,N/A,N/A,N/A,N/A,0.00,0,0.00,0,0.99,83.08,40.00,94,1,99,0.00,0.00,0,84,84,0,0,0,0.00,0.00,0,91,14.41,0.00,0.00,0,0,0.00,0.00,99,0.00,0,0,0,0.00,0.00,0,0.00,0.00,1.42,1.00,2,0,20.00,88,N/A,127,11,78,89,53,0.16,81,0.08,0.11,0.99,94,0.49,0.70,97,5,2.50,3.54,0.71,0.50,56,1,0.70,94,91,50,97,0,97,84,0,0.00,99,0,0.00,0.00,7.80,5.50,11,6,91,91,4.25,3.00,54.55,2,1.42,9,0,100.00,0,0.00,99,1,0.50,0.71,94,2,91,84,99,0,0,0,0,0,99,99,99,94,0,N/A,N/A,94,97,97,0,0,97,10,N/A
Lionel Messi,38,551516400,1987/06/24,CONCACAF Champions League,2026,Forward,Inter Miami,90,0,90,Argentina,1,0,1,0,0,0,0,0,0,0,0,1,0,1,0,0,0,0,0,0,0,0,0,0,0,0,0,90,0,0,0,-1,-1,-1,4,2026,6.66,0,0,88,42.00,42.00,62,42,33.00,33,36,33.00,59,0.00,0.00,1.00,1,0.00,2.00,1.00,1.00,1,0.00,2.00,0.00,0.00,0.00,0.00,0.00,0.00,0.00,3.00,2.00,3.00,0.00,1.00,0.26,0.00,0.00,0.00,0.00,0,0,,3,3.00,91,1,1.00,85,2,2.00,91,0,0,1,44,0.00,99,0,0,0.00,37,2,70,2.00,76,0,0.00,99,0,0.00,0,0,0.00,0,1.00,69,3,3.00,88,0,0.00,0.00,0,0.00,0,0,0,0.00,0,0,0.00,0,99,0.00,0,N/A,N/A,N/A,N/A,0.00,0,0.00,0,0.26,78.57,33.33,75,0,99,0.00,0.00,0,47,47,0,0,0,0.00,0.00,0,70,6.66,0.00,0.00,0,0,0.00,0.00,99,0.00,0,0,0,0.00,0.00,0,0.00,0.00,0.00,0.00,0,0,0.00,83,N/A,90,29,23,84,28,0.09,50,0.09,0.09,0.26,81,0.26,0.26,89,2,2.00,2.00,1.00,1.00,60,1,0.26,80,50,26,96,0,84,35,0,0.00,99,0,0.00,0.00,9.00,9.00,9,3,40,66,3.00,3.00,33.33,2,2.00,13,0,0.00,0,0.00,99,0,0.00,0.00,70,1,43,74,52,0,0,0,0,0,76,84,93,90,0,N/A,N/A,99,83,83,0,0,83,10,N/A
Lionel Messi,38,551516400,1987/06/24,Club Friendlies 1,2025,Forward,Inter Miami,367,66,301,Argentina,5,1,4,2,1,1,2,0,2,0,0,2,0,2,5,2,3,0,0,0.98,0.49,0.49,1.36,0.3,184,1.23,73,73,0,184,0,6,2,-1,2,2025,0.00,0,2,99,0.00,0.00,-1,0,0.00,0,-1,0.00,-1,0.00,0.00,0.00,0,0.00,0.00,0.00,0.00,0,0.00,0.00,0.00,0.00,0.00,0.00,0.00,0.00,0.00,0.00,0.00,0.00,0.00,0.00,0.00,0.00,0.00,0.00,0.00,0,0,,0,0.00,-1,0,0.00,-1,0,0.00,-1,1,0,5,-1,0.00,-1,0,0,0.00,-1,0,-1,0.00,-1,0,0.00,-1,0,0.00,0,0,0.00,0,0.00,-1,0,0.00,-1,0,0.00,0.00,0,0.00,0,0,0,0.00,0,0,0.00,0,74,0.00,0,N/A,N/A,N/A,N/A,0.00,0,0.00,0,0.00,0.00,0.00,-1,1,-1,0.00,0.00,0,-1,-1,0,0,0,0.00,0.00,0,-1,0.00,0.00,0.00,0,0,0.00,0.00,-1,0.00,0,0,0,0.00,0.00,0,0.00,0.00,0.00,0.00,0,0,0.00,-1,N/A,0,86,74,81,74,0.00,-1,0.00,0.00,0.00,-1,0.00,0.00,-1,0,0.00,0.00,0.00,0.00,-1,0,0.00,-1,-1,-1,-1,0,-1,-1,0,0.00,-1,0,0.00,0.00,0.00,0.00,0,0,-1,-1,0.00,0.00,0.00,0,0.00,-1,0,0.00,0,0.00,-1,0,0.00,0.00,-1,0,-1,-1,-1,0,0,0,0,0,99,96,93,97,0,N/A,N/A,77,81,81,0,0,-1,10,N/A
Lionel Messi,38,551516400,1987/06/24,FIFA Club World Cup,2025,Forward,Inter Miami,360,180,180,Argentina,4,2,2,1,1,0,0,0,0,0,0,1,0,1,7,3,4,1,0,0.25,0,0.25,0.5,0,360,1.75,51,90,360,0,0.25,29,97,-1,4,2025,7.82,0,0,72,49.00,49.00,69,196,40.50,162,33,40.50,62,0.00,0.00,1.75,7,0.00,2.50,1.25,1.25,5,0.00,2.00,0.00,0.00,0.00,0.00,3.00,0.00,11.00,2.75,1.25,4.00,0.00,1.50,0.39,0.00,0.00,0.00,0.00,0,0,,11,2.75,95,6,1.50,94,5,1.25,91,0,0,4,51,0.00,99,0,0,0.00,25,10,99,2.50,78,0,0.00,99,0,0.00,0,0,0.00,0,1.75,84,16,4.00,94,12,3.00,75.00,0,0.00,0,0,0,0.00,0,0,0.00,0,24,0.00,0,N/A,N/A,N/A,N/A,0.00,0,0.00,0,1.57,82.65,54.55,75,1,7,1.75,1.75,7,97,86,0,0,0,0.25,0.25,1,58,31.27,0.25,0.25,1,0,0.00,0.00,99,0.00,0,0,2,0.50,0.50,0,0.00,0.00,0.25,0.25,1,0,9.09,72,N/A,360,81,73,94,26,0.71,68,0.18,0.18,1.57,89,0.39,0.39,81,6,1.50,1.50,0.25,0.25,18,1,0.39,88,97,13,99,0,74,25,0,0.00,99,0,0.00,0.00,10.75,10.75,43,18,68,83,4.50,4.50,41.86,8,2.00,5,0,0.00,0,0.00,99,0,0.00,0.00,99,4,82,70,37,0,0,0,0,0,60,76,84,88,0,N/A,N/A,39,93,73,1,25,79,10,N/A
Lionel Messi,38,551516400,1987/06/24,MLS,2025,Forward,Inter Miami,2959,1519,1440,Argentina,34,18,16,35,19,16,23,16,7,1,0,6,2,4,46,21,25,3,0,1.76,0.7,1.06,1.13,1,85,1.4,64,87,986,129,0.09,1,3,-1,1,2025,8.27,0.68,24,99,47.11,44.26,63,1549,36.23,1268,37,38.57,61,0.00,0.00,2.97,104,0.00,2.20,0.61,0.57,20,0.00,1.51,0.00,0.00,0.00,0.11,2.86,1.43,5.03,5.35,2.74,5.74,0.00,2.29,1.01,0.00,0.20,0.00,0.00,0,0,,176,5.03,99,80,2.43,99,96,2.92,99,0,2,32,15,0.00,99,0,4,0.12,10,77,50,2.34,77,0,0.00,99,0,0.00,0,0,0.00,0,3.16,99,201,6.11,99,100,3.04,49.75,0,0.00,0,0,0,0.00,0,50,0.00,50,48,1.52,48,N/A,N/A,N/A,N/A,0.00,0,0.00,0,35.52,81.86,45.45,81,35,88,0.14,0.15,5,99,55,1,1,0,0.00,0.00,0,22,289.53,0.06,0.06,2,0,0.00,0.00,99,0.00,0,2,6,0.17,0.18,0,0.00,0.00,0.33,0.31,11,1,19.89,89,N/A,2959,94,90,37,48,20.05,99,0.57,0.61,34.12,99,0.97,1.04,75,52,1.49,1.58,0.43,0.40,12,14,1.08,99,99,1,97,0,84,11,0,0.00,99,7,0.00,0.21,10.83,10.17,356,178,80,78,5.41,5.09,50.00,53,1.61,11,0,20.78,0,0.00,99,16,0.46,0.49,73,35,92,33,8,0,12,0,35,0,99,99,99,99,0,11400000,99,37,88,25,3,9,37,10,N/A
Lionel Messi,38,551516400,1987/06/24,Leagues Cup,2025,Forward,Inter Miami,281,191,90,Argentina,4,3,1,2,2,0,2,2,0,1,0,0,0,0,5,2,3,1,0,1.28,0.64,0.64,0.94,0,141,1.6,56,70,281,141,0.32,11,4,-1,3,2025,7.43,0.5,2,96,43.56,34.00,70,136,27.25,109,31,34.91,65,0.00,0.00,1.50,6,0.00,3.00,0.32,0.25,1,0.00,1.00,0.00,0.00,0.00,0.25,2.75,1.25,8.50,5.44,3.75,5.75,0.00,0.50,0.54,0.00,0.25,0.00,0.00,0,0,,17,4.25,99,2,0.64,74,15,4.80,99,1,0,4,15,0.00,99,0,1,0.32,28,12,64,3.84,89,0,0.00,99,0,0.00,0,0,0.00,0,1.92,89,23,7.37,99,11,3.52,47.83,0,0.00,0,0,0,0.00,0,5,0.00,5,36,1.60,60,N/A,N/A,N/A,N/A,0.00,0,0.00,0,2.17,80.15,11.76,48,2,99,0.00,0.00,0,99,61,1,0,0,1.00,1.28,4,97,29.74,0.00,0.00,0,0,0.00,0.00,99,0.00,0,1,0,0.00,0.00,0,0.00,0.00,0.00,0.00,0,0,11.76,74,N/A,281,73,83,78,39,1.66,97,0.41,0.53,1.47,89,0.37,0.47,72,4,1.00,1.28,1.28,1.00,68,4,0.70,94,96,12,89,0,72,32,0,0.00,99,1,0.00,0.32,11.21,8.75,35,17,87,88,5.44,4.25,48.57,4,1.28,20,0,16.67,0,0.00,99,2,0.50,0.64,81,4,90,60,84,0,0,0,0,0,98,90,81,94,0,N/A,N/A,58,88,68,1,25,72,10,N/A
Lionel Messi,38,551516400,1987/06/24,CONCACAF Champions League,2025,Forward,Inter Miami,556,249,307,Argentina,7,3,4,5,3,2,1,1,0,1,0,2,0,2,8,5,3,0,0,0.97,0.16,0.81,1.08,0.59,111,1.29,70,79,0,556,0,5,29,-1,1,2025,7.92,0.14,1,72,48.88,43.14,72,302,33.43,234,19,37.88,60,0.00,0.00,2.00,14,0.00,3.43,0.81,0.71,5,0.00,1.57,0.00,0.00,0.00,0.29,3.29,0.00,4.60,3.72,1.29,6.14,0.00,2.00,0.74,0.00,0.14,0.00,0.00,0,0,,23,3.29,99,14,2.27,99,9,1.46,95,1,1,6,30,0.00,99,0,2,0.32,27,24,99,3.88,92,0,0.00,99,0,0.00,0,0,0.00,0,2.27,93,43,6.96,99,23,3.72,53.49,0,0.00,0,0,0,0.00,0,0,0.00,0,30,0.00,0,N/A,N/A,N/A,N/A,0.00,0,0.00,0,5.15,77.48,60.87,75,5,77,0.14,0.16,1,99,59,1,0,0,0.00,0.00,0,48,55.42,0.00,0.00,0,0,0.00,0.00,99,0.00,0,1,0,0.00,0.00,0,0.00,0.00,0.16,0.14,1,0,21.74,78,N/A,556,81,85,70,33,1.51,76,0.22,0.24,4.45,98,0.64,0.72,96,16,2.29,2.59,0.32,0.29,15,2,0.83,98,99,13,92,0,78,21,0,0.00,99,1,0.00,0.16,13.11,11.57,81,45,96,94,7.28,6.43,55.56,11,1.78,11,0,0.00,0,0.00,99,0,0.00,0.00,99,7,83,78,67,0,0,0,0,0,97,97,95,95,0,N/A,N/A,40,50,50,0,0,49,10,N/A
Lionel Messi,38,551516400,1987/06/24,International Friendlies,2025,Forward,Argentina,176,0,176,Argentina,2,0,2,1,0,1,3,0,3,0,0,2,0,2,0,0,0,0,0,2.05,1.53,0.51,0,0.51,176,0,0,88,0,59,0,-1,-1,-1,4,2025,7.71,1.5,3,99,71.59,70.00,90,140,57.00,114,42,58.30,86,0.00,0.00,3.50,7,0.00,2.50,0.00,0.00,0,0.00,2.50,0.00,0.00,0.00,0.50,1.50,0.00,13.00,6.65,4.50,3.00,0.00,2.00,0.73,0.00,0.00,0.00,0.00,0,0,,13,6.50,99,4,2.05,99,9,4.60,99,1,0,2,14,0.00,99,0,1,0.51,34,5,80,2.56,85,0,0.00,99,0,0.00,0,0,0.00,0,3.58,99,6,3.07,97,3,1.53,50.00,0,0.00,0,0,0,0.00,0,0,0.00,0,99,0.00,0,N/A,N/A,N/A,N/A,0.00,0,0.00,0,1.47,81.43,30.77,53,1,99,0.00,0.00,0,97,75,0,0,0,0.00,0.00,0,32,15.42,0.00,0.00,0,0,0.00,0.00,99,0.00,0,0,1,0.50,0.51,0,0.00,0.00,1.02,1.00,2,0,7.69,64,N/A,176,0,0,70,5,2.23,99,1.11,1.14,1.47,99,0.73,0.75,78,3,1.50,1.53,0.51,0.50,36,1,0.75,99,99,8,99,0,99,15,0,0.00,99,0,0.00,0.00,7.67,7.50,15,6,37,64,3.07,3.00,40.00,5,2.56,0,0,20.00,0,0.00,99,1,0.50,0.51,85,2,0,41,71,0,0,0,0,0,99,98,98,77,0,N/A,N/A,99,50,50,0,0,49,10,N/A
Lionel Messi,38,551516400,1987/06/24,International Friendlies,2024,Forward,Argentina,124,124,0,Argentina,2,2,0,2,2,0,1,1,0,0,0,1,1,0,1,1,0,0,0,2.18,0.73,1.45,1.45,0,62,0.73,124,62,0,124,0,-1,-1,-1,2,2024,9.12,0.5,1,99,36.29,50.00,62,50,43.00,43,62,31.21,62,0.00,0.00,2.00,2,0.00,5.00,0.73,1.00,1,0.00,3.00,0.00,0.00,0.00,0.00,0.00,0.00,3.50,5.08,2.00,3.00,0.00,5.00,1.92,0.00,0.00,0.00,0.00,0,0,,7,7.00,99,5,3.63,99,2,1.45,99,0,1,1,50,0.00,99,0,0,0.00,12,5,99,3.63,99,0,0.00,99,0,0.00,0,0,0.00,0,1.45,99,3,2.18,99,0,0.00,0.00,0,0.00,0,0,0,0.00,0,0,0.00,0,95,0.00,0,N/A,N/A,N/A,N/A,0.00,0,0.00,0,1.92,86.00,71.43,99,2,99,0.00,0.00,0,50,50,0,0,0,0.00,0.00,0,12,9.12,0.00,0.00,0,0,0.00,0.00,99,0.00,0,0,1,1.00,0.73,0,0.00,0.00,1.45,2.00,2,0,28.57,99,N/A,124,0,0,90,95,0.75,99,0.75,0.54,1.92,99,1.92,1.39,99,3,3.00,2.18,0.00,0.00,12,0,1.39,99,99,12,99,0,99,12,0,0.00,99,0,0.00,0.00,7.26,10.00,10,4,50,75,2.90,4.00,40.00,3,2.18,0,0,40.00,0,0.00,99,2,2.00,1.45,99,1,0,99,50,0,1,0,50,0,99,99,95,99,0,N/A,N/A,99,30,30,0,0,50,10,N/A
Lionel Messi,37,551516400,1987/06/24,MLS,2024,Forward,Inter Miami,1755,1067,688,Argentina,22,13,9,21,15,6,11,9,2,1,0,4,3,1,25,15,10,2,0,1.64,0.56,1.08,1.27,0.78,84,1.28,70,80,878,160,0.1,1,3,-1,1,2024,8.31,0.5,12,99,48.69,43.14,70,949,34.73,764,36,39.20,65,0.00,0.00,2.32,51,0.00,2.23,1.03,0.91,20,0.00,2.00,0.00,0.00,0.00,0.09,2.45,0.00,3.38,3.64,1.05,4.95,0.00,2.18,0.88,0.00,0.09,0.00,0.00,0,0,,71,3.23,99,48,2.46,99,23,1.18,95,0,4,18,33,0.00,99,0,2,0.10,11,49,53,2.51,77,0,0.00,99,0,0.00,0,0,0.00,0,2.62,97,109,5.59,99,54,2.77,49.54,0,0.00,0,0,0,0.00,0,0,0.00,0,66,0.00,0,N/A,N/A,N/A,N/A,0.00,0,0.00,0,19.43,80.51,67.61,93,21,88,0.18,0.21,4,99,53,1,0,0,0.05,0.05,1,26,182.79,0.00,0.00,0,0,0.00,0.00,99,0.00,0,1,4,0.18,0.21,0,0.00,0.00,0.41,0.36,8,0,29.58,92,N/A,1754,51,31,33,66,10.51,99,0.48,0.54,18.73,99,0.85,0.96,80,31,1.41,1.59,0.41,0.36,12,8,1.00,99,99,1,99,0,86,4,0,0.00,99,2,0.00,0.10,11.39,10.09,222,107,80,83,5.49,4.86,48.20,44,2.26,2,0,20.41,0,0.00,99,10,0.45,0.51,73,22,47,52,8,1,6,1,27,5,99,99,98,99,0,11160000,99,38,84,28,2,9,39,10,N/A
Lionel Messi,38,551516400,1987/06/24,Club Friendlies 1,2024,Forward,Inter Miami,249,60,189,Argentina,5,1,4,1,0,1,1,0,1,0,0,1,0,1,4,0,4,0,0,0.72,0.36,0.36,0,0.48,249,1.45,62,50,0,249,0,-1,-1,-1,3,2024,0.00,0,1,99,0.00,0.00,-1,0,0.00,0,-1,0.00,-1,0.00,0.00,0.00,0,0.00,0.00,0.00,0.00,0,0.00,0.00,0.00,0.00,0.00,0.00,0.00,0.00,0.00,0.00,0.00,0.00,0.00,0.00,0.00,0.00,0.00,0.00,0.00,0,0,,0,0.00,-1,0,0.00,-1,0,0.00,-1,1,2,3,-1,0.00,-1,0,0,0.00,-1,0,-1,0.00,-1,0,0.00,-1,0,0.00,0,0,0.00,0,0.00,-1,0,0.00,-1,0,0.00,0.00,0,0.00,0,0,0,0.00,0,0,0.00,0,67,0.00,0,N/A,N/A,N/A,N/A,0.00,0,0.00,0,0.00,0.00,0.00,-1,1,-1,0.00,0.00,0,-1,-1,0,0,0,0.00,0.00,0,-1,0.00,0.00,0.00,0,0,0.00,0.00,-1,0.00,0,0,0,0.00,0.00,0,0.00,0.00,0.00,0.00,0,0,0.00,-1,N/A,0,0,99,67,67,0.00,-1,0.00,0.00,0.00,-1,0.00,0.00,-1,0,0.00,0.00,0.00,0.00,-1,0,0.00,-1,-1,-1,-1,0,-1,-1,0,0.00,-1,0,0.00,0.00,0.00,0.00,0,0,-1,-1,0.00,0.00,0.00,0,0.00,-1,0,0.00,0,0.00,-1,0,0.00,0.00,-1,0,-1,-1,-1,0,0,0,0,0,99,99,99,67,0,N/A,N/A,67,99,99,0,0,-1,10,N/A
Lionel Messi,38,551516400,1987/06/24,CONCACAF Champions League,2024,Forward,Inter Miami,230,50,180,Argentina,3,1,2,2,1,1,2,1,1,0,0,0,0,0,5,0,5,0,0,1.57,0.78,0.78,1.8,0.5,115,1.96,46,77,0,115,0,-1,-1,-1,1,2024,7.89,0.67,2,98,52.04,44.33,71,133,35.67,107,33,41.87,64,0.00,0.00,1.67,5,0.00,2.00,0.39,0.33,1,0.00,0.67,0.00,0.00,0.00,0.33,2.33,0.00,3.50,2.74,1.33,3.00,0.00,1.00,0.57,0.00,0.33,0.00,0.00,0,0,,7,2.33,95,3,1.17,88,4,1.57,97,1,0,3,21,0.00,99,0,1,0.39,39,6,82,2.35,77,0,0.00,99,0,0.00,0,0,0.00,0,1.96,91,9,3.52,89,7,2.74,77.78,0,0.00,0,0,0,0.00,0,0,0.00,0,9,0.00,0,N/A,N/A,N/A,N/A,0.00,0,0.00,0,1.72,80.45,42.86,48,2,65,0.33,0.39,1,98,87,0,0,0,0.00,0.00,0,58,23.67,0.00,0.00,0,0,0.00,0.00,99,0.00,0,0,0,0.00,0.00,0,0.00,0.00,0.39,0.33,1,0,28.57,86,N/A,230,13,21,70,10,1.61,99,0.54,0.63,1.72,96,0.57,0.67,46,2,0.67,0.78,0.00,0.00,14,0,0.67,95,96,17,92,0,82,38,0,0.00,99,1,0.00,0.39,6.26,5.33,16,11,64,34,4.30,3.67,68.75,2,0.78,39,0,33.33,0,0.00,99,2,0.67,0.78,80,3,43,57,72,0,0,0,0,0,99,96,89,99,0,N/A,N/A,14,56,56,0,0,59,10,N/A
Lionel Messi,38,551516400,1987/06/24,Copa America,2024,Forward,Argentina,426,336,90,Argentina,5,4,1,1,1,0,1,1,0,0,0,4,3,1,0,0,0,0,0,0.42,0.21,0.21,0.27,0,426,0,0,85,0,426,0,21,16,-1,4,2024,9.51,0.2,1,88,32.17,40.75,51,163,35.50,142,80,28.03,58,0.00,0.00,4.00,16,0.00,3.50,0.00,0.00,0,0.00,3.25,0.00,0.00,0.00,0.00,2.75,0.00,12.00,2.37,1.50,5.75,0.00,1.50,0.42,0.00,0.25,0.00,0.00,0,0,,12,3.00,93,6,1.18,93,6,1.18,92,2,0,5,15,0.00,99,0,0,0.00,36,14,93,2.76,85,0,0.00,99,0,0.00,0,0,0.00,0,3.16,99,23,4.54,93,11,2.17,47.83,0,0.00,0,0,0,0.00,0,0,0.00,0,99,0.00,0,N/A,N/A,N/A,N/A,0.00,0,0.00,0,1.69,87.12,50.00,77,1,39,1.00,0.79,4,92,60,0,0,0,0.00,0.00,0,63,38.03,0.00,0.00,0,0,0.00,0.00,99,0.00,0,0,1,0.25,0.20,0,0.00,0.00,0.39,0.50,2,0,8.33,84,N/A,456,89,88,98,18,1.43,90,0.36,0.28,1.69,90,0.42,0.33,75,8,2.00,1.58,0.20,0.25,16,1,0.33,89,90,20,95,0,88,21,0,0.00,99,1,0.00,0.20,10.07,12.75,51,24,53,52,4.74,6.00,47.06,13,2.57,9,0,50.00,0,0.00,99,7,1.75,1.38,94,4,94,61,95,0,0,0,0,0,86,84,91,88,0,N/A,N/A,94,62,62,0,0,63,10,N/A
Lionel Messi,37,551516400,1987/06/24,Trophee des Champions - Super Cup,2022/2023,Forward,PSG,90,90,0,Argentina,1,1,0,1,1,0,0,0,0,0,0,1,1,0,0,0,0,0,0,1,0,1,1,0,90,0,0,90,0,0,0,-1,-1,-1,3,2023,0.00,0,0,52,0.00,0.00,0,0,0.00,0,0,0.00,0,0.00,0.00,0.00,0,0.00,0.00,0.00,0.00,0,0.00,0.00,0.00,0.00,0.00,0.00,0.00,0.00,0.00,0.00,0.00,0.00,0.00,0.00,0.00,0.00,0.00,0.00,0.00,0,0,,0,0.00,13,0,0.00,24,0,0.00,17,0,0,1,7,0.00,99,0,0,0.00,11,0,35,0.00,18,0,0.00,99,0,0.00,0,0,0.00,0,0.00,11,0,0.00,12,0,0.00,0.00,0,0.00,0,0,0,0.00,0,0,0.00,0,99,0.00,0,N/A,N/A,N/A,N/A,0.00,0,0.00,0,0.00,0.00,0.00,24,1,99,0.00,0.00,0,16,16,0,0,0,0.00,0.00,0,30,0.00,0.00,0.00,0,0,0.00,0.00,99,0.00,0,0,0,0.00,0.00,0,0.00,0.00,0.00,0.00,0,0,0.00,48,N/A,0,1,1,49,2,0.00,0,0.00,0.00,0.00,17,0.00,0.00,5,0,0.00,0.00,0.00,0.00,8,0,0.00,16,0,5,75,0,48,5,0,0.00,99,0,0.00,0.00,0.00,0.00,0,0,1,0,0.00,0.00,0.00,0,0.00,99,0,0.00,0,0.00,99,0,0.00,0.00,35,0,3,31,17,0,0,0,0,0,99,99,65,99,0,N/A,N/A,99,20,20,0,0,21,30,N/A
Lionel Messi,37,551516400,1987/06/24,Leagues Cup,2023,Forward,Inter Miami,564,258,306,Argentina,7,3,4,10,5,5,1,1,0,0,0,2,2,0,8,1,7,1,0,1.76,0.16,1.6,1.74,1.47,56,1.28,71,81,564,564,0.16,1,47,-1,1,2023,N/A,N/A,N/A,N/A,N/A,N/A,N/A,N/A,N/A,N/A,N/A,N/A,N/A,N/A,N/A,N/A,N/A,N/A,N/A,N/A,N/A,N/A,N/A,N/A,N/A,N/A,N/A,N/A,N/A,N/A,N/A,N/A,N/A,N/A,N/A,N/A,N/A,N/A,N/A,N/A,N/A,N/A,N/A,N/A,N/A,N/A,N/A,N/A,N/A,N/A,N/A,N/A,N/A,N/A,N/A,N/A,N/A,N/A,N/A,N/A,N/A,N/A,N/A,N/A,N/A,N/A,N/A,N/A,N/A,N/A,N/A,N/A,N/A,N/A,N/A,N/A,N/A,N/A,N/A,N/A,N/A,N/A,N/A,N/A,N/A,N/A,N/A,N/A,N/A,N/A,N/A,N/A,N/A,N/A,N/A,N/A,N/A,N/A,N/A,N/A,N/A,N/A,N/A,N/A,N/A,N/A,N/A,N/A,N/A,N/A,N/A,N/A,N/A,N/A,N/A,N/A,N/A,N/A,N/A,N/A,N/A,N/A,N/A,N/A,N/A,N/A,N/A,N/A,N/A,N/A,N/A,N/A,N/A,N/A,N/A,N/A,N/A,N/A,N/A,N/A,N/A,N/A,N/A,N/A,N/A,N/A,N/A,N/A,N/A,N/A,N/A,N/A,N/A,N/A,N/A,N/A,N/A,N/A,N/A,N/A,N/A,N/A,N/A,N/A,N/A,N/A,N/A,N/A,N/A,N/A,N/A,N/A,N/A,N/A,N/A,N/A,N/A,N/A,N/A,N/A,N/A,N/A,N/A,N/A,N/A,N/A,N/A,N/A,N/A,N/A,N/A,N/A,N/A,N/A,N/A,N/A,N/A,N/A,N/A,N/A,N/A,N/A,N/A,N/A,N/A,N/A,N/A,N/A,N/A,N/A,N/A,N/A,N/A,N/A,N/A,N/A,N/A,N/A,N/A,N/A,N/A,N/A,N/A,N/A,N/A,N/A,N/A
Lionel Messi,37,551516400,1987/06/24,UEFA Champions League,2022/2023,Forward,PSG,615,264,351,Argentina,7,3,4,4,2,2,4,2,2,0,0,0,0,0,9,4,5,0,0,1.17,0.59,0.59,0.68,0.51,154,1.32,68,88,0,154,0,22,13,-1,2,2023,8.10,0.57,4,99,57.51,56.14,77,393,49.29,345,73,50.49,78,0.00,0.00,2.71,19,0.00,2.00,0.59,0.57,4,0.00,1.86,0.00,0.00,0.00,0.43,2.14,0.00,3.50,2.05,0.71,3.57,0.00,1.29,0.40,0.00,0.14,0.00,0.00,0,0,,14,2.00,90,9,1.32,93,5,0.73,80,1,0,7,19,0.00,99,0,3,0.44,34,14,92,2.05,73,0,0.00,99,0,0.00,0,0,0.00,0,2.78,98,25,3.66,91,15,2.20,60.00,0,0.00,0,0,0,0.00,0,0,0.00,0,40,0.00,0,N/A,N/A,N/A,N/A,0.00,0,0.00,0,2.83,87.79,64.29,78,4,63,0.43,0.44,3,93,72,0,0,0,0.00,0.00,0,40,56.67,0.00,0.00,0,0,0.00,0.00,99,0.00,0,0,1,0.14,0.15,0,0.00,0.00,0.00,0.00,0,0,28.57,82,N/A,615,60,46,59,40,3.74,99,0.53,0.55,2.83,95,0.40,0.41,94,16,2.29,2.34,0.29,0.29,16,2,0.41,94,99,7,91,0,62,11,0,0.00,99,1,0.00,0.15,9.37,9.14,64,36,73,63,5.27,5.14,56.25,13,1.90,12,0,42.86,0,0.00,99,6,0.86,0.88,87,7,66,54,69,0,1,0,14,0,99,96,92,94,0,N/A,N/A,12,36,36,0,0,38,30,N/A
Lionel Messi,37,551516400,1987/06/24,International Friendlies,2023,Forward,Argentina,270,270,0,Argentina,3,3,0,5,5,0,1,1,0,0,0,3,3,0,0,0,0,0,0,2,0.33,1.67,1.67,0,54,0,0,90,0,270,0,-1,-1,-1,1,2023,N/A,N/A,N/A,N/A,N/A,N/A,N/A,N/A,N/A,N/A,N/A,N/A,N/A,N/A,N/A,N/A,N/A,N/A,N/A,N/A,N/A,N/A,N/A,N/A,N/A,N/A,N/A,N/A,N/A,N/A,N/A,N/A,N/A,N/A,N/A,N/A,N/A,N/A,N/A,N/A,N/A,N/A,N/A,N/A,N/A,N/A,N/A,N/A,N/A,N/A,N/A,N/A,N/A,N/A,N/A,N/A,N/A,N/A,N/A,N/A,N/A,N/A,N/A,N/A,N/A,N/A,N/A,N/A,N/A,N/A,N/A,N/A,N/A,N/A,N/A,N/A,N/A,N/A,N/A,N/A,N/A,N/A,N/A,N/A,N/A,N/A,N/A,N/A,N/A,N/A,N/A,N/A,N/A,N/A,N/A,N/A,N/A,N/A,N/A,N/A,N/A,N/A,N/A,N/A,N/A,N/A,N/A,N/A,N/A,N/A,N/A,N/A,N/A,N/A,N/A,N/A,N/A,N/A,N/A,N/A,N/A,N/A,N/A,N/A,N/A,N/A,N/A,N/A,N/A,N/A,N/A,N/A,N/A,N/A,N/A,N/A,N/A,N/A,N/A,N/A,N/A,N/A,N/A,N/A,N/A,N/A,N/A,N/A,N/A,N/A,N/A,N/A,N/A,N/A,N/A,N/A,N/A,N/A,N/A,N/A,N/A,N/A,N/A,N/A,N/A,N/A,N/A,N/A,N/A,N/A,N/A,N/A,N/A,N/A,N/A,N/A,N/A,N/A,N/A,N/A,N/A,N/A,N/A,N/A,N/A,N/A,N/A,N/A,N/A,N/A,N/A,N/A,N/A,N/A,N/A,N/A,N/A,N/A,N/A,N/A,N/A,N/A,N/A,N/A,N/A,N/A,N/A,N/A,N/A,N/A,N/A,N/A,N/A,N/A,N/A,N/A,N/A,N/A,N/A,N/A,N/A,N/A,N/A,N/A,N/A,N/A,N/A
Lionel Messi,37,551516400,1987/06/24,US Open Cup,2023,Forward,Inter Miami,90,0,90,Argentina,1,0,1,0,0,0,2,0,2,0,0,0,0,0,2,0,2,0,0,2,2,0,0,0,0,2,45,90,0,45,0,-1,-1,-1,15,2023,N/A,N/A,N/A,N/A,N/A,N/A,N/A,N/A,N/A,N/A,N/A,N/A,N/A,N/A,N/A,N/A,N/A,N/A,N/A,N/A,N/A,N/A,N/A,N/A,N/A,N/A,N/A,N/A,N/A,N/A,N/A,N/A,N/A,N/A,N/A,N/A,N/A,N/A,N/A,N/A,N/A,N/A,N/A,N/A,N/A,N/A,N/A,N/A,N/A,N/A,N/A,N/A,N/A,N/A,N/A,N/A,N/A,N/A,N/A,N/A,N/A,N/A,N/A,N/A,N/A,N/A,N/A,N/A,N/A,N/A,N/A,N/A,N/A,N/A,N/A,N/A,N/A,N/A,N/A,N/A,N/A,N/A,N/A,N/A,N/A,N/A,N/A,N/A,N/A,N/A,N/A,N/A,N/A,N/A,N/A,N/A,N/A,N/A,N/A,N/A,N/A,N/A,N/A,N/A,N/A,N/A,N/A,N/A,N/A,N/A,N/A,N/A,N/A,N/A,N/A,N/A,N/A,N/A,N/A,N/A,N/A,N/A,N/A,N/A,N/A,N/A,N/A,N/A,N/A,N/A,N/A,N/A,N/A,N/A,N/A,N/A,N/A,N/A,N/A,N/A,N/A,N/A,N/A,N/A,N/A,N/A,N/A,N/A,N/A,N/A,N/A,N/A,N/A,N/A,N/A,N/A,N/A,N/A,N/A,N/A,N/A,N/A,N/A,N/A,N/A,N/A,N/A,N/A,N/A,N/A,N/A,N/A,N/A,N/A,N/A,N/A,N/A,N/A,N/A,N/A,N/A,N/A,N/A,N/A,N/A,N/A,N/A,N/A,N/A,N/A,N/A,N/A,N/A,N/A,N/A,N/A,N/A,N/A,N/A,N/A,N/A,N/A,N/A,N/A,N/A,N/A,N/A,N/A,N/A,N/A,N/A,N/A,N/A,N/A,N/A,N/A,N/A,N/A,N/A,N/A,N/A,N/A,N/A,N/A,N/A,N/A,N/A
Lionel Messi,37,551516400,1987/06/24,Ligue 1,2022/2023,Forward,PSG,2842,1589,1253,Argentina,32,18,14,16,7,9,16,2,14,0,0,12,5,7,29,22,7,0,0,1.01,0.51,0.51,0.4,0.65,178,0.92,98,89,0,178,0,19,2,-1,2,2023,8.15,0.5,16,99,61.02,60.22,90,1927,50.25,1608,66,50.92,89,0.00,0.00,2.97,95,0.00,2.88,0.79,0.78,25,0.00,2.44,0.00,0.00,0.00,0.03,3.00,0.00,5.88,2.98,1.16,5.28,0.00,1.78,0.42,0.00,0.03,0.00,0.00,0,0,,94,2.94,99,57,1.81,99,37,1.17,97,3,0,32,21,0.00,99,0,1,0.03,8,92,91,2.91,78,0,0.00,99,0,0.00,0,0,0.00,0,3.01,99,169,5.35,97,96,3.04,56.80,0,0.00,0,0,0,0.00,0,0,0.00,0,85,0.00,0,N/A,N/A,N/A,N/A,0.00,0,0.00,0,13.37,83.45,60.64,83,16,74,0.41,0.41,13,98,66,0,0,0,0.00,0.00,0,23,260.72,0.00,0.00,0,0,0.00,0.00,99,0.00,0,0,6,0.19,0.19,0,0.00,0.00,0.19,0.19,6,0,17.02,74,N/A,2842,92,82,44,86,16.25,99,0.51,0.51,13.37,98,0.42,0.42,61,36,1.12,1.14,0.25,0.25,9,8,0.42,96,99,2,98,0,74,1,0,0.00,99,1,0.00,0.03,10.45,10.31,330,158,57,62,5.00,4.94,47.88,78,2.47,2,0,36.96,0,0.00,99,34,1.06,1.08,90,32,93,19,57,0,1,0,3,0,99,96,96,91,0,40500000,99,92,14,14,0,0,14,30,N/A
Lionel Messi,37,551516400,1987/06/24,Coupe de France,2022/2023,Forward,PSG,90,0,90,Argentina,1,0,1,0,0,0,0,0,0,0,0,0,0,0,2,0,2,0,0,0,0,0,0,0,0,2,45,90,0,0,0,-1,-1,-1,24,2023,0.00,0,0,43,0.00,0.00,0,0,0.00,0,0,0.00,0,0.00,0.00,0.00,0,0.00,0.00,0.00,0.00,0,0.00,0.00,0.00,0.00,0.00,0.00,0.00,0.00,0.00,0.00,0.00,0.00,0.00,0.00,0.00,0.00,0.00,0.00,0.00,0,0,,0,0.00,9,0,0.00,17,0,0.00,11,0,0,1,5,0.00,99,0,0,0.00,8,0,29,0.00,14,0,0.00,99,0,0.00,0,0,0.00,0,0.00,7,0,0.00,8,0,0.00,0.00,0,0.00,0,0,0,0.00,0,0,0.00,0,4,0.00,0,N/A,N/A,N/A,N/A,0.00,0,0.00,0,0.00,0.00,0.00,17,0,99,0.00,0.00,0,11,11,0,0,0,0.00,0.00,0,23,0.00,0.00,0.00,0,0,0.00,0.00,99,0.00,0,0,0,0.00,0.00,0,0.00,0.00,0.00,0.00,0,0,0.00,41,N/A,90,0,0,41,5,0.00,0,0.00,0.00,0.00,13,0.00,0.00,2,0,0.00,0.00,0.00,0.00,5,0,0.00,13,0,2,69,0,41,2,0,0.00,99,0,0.00,0.00,0.00,0.00,0,0,0,0,0.00,0.00,0.00,0,0.00,99,0,0.00,0,0.00,99,0,0.00,0.00,29,0,0,18,11,0,0,0,0,0,25,41,58,53,0,N/A,N/A,2,11,11,0,0,11,10,N/A
Lionel Messi,37,551516400,1987/06/24,MLS,2023,Forward,Inter Miami,372,162,210,Argentina,6,3,3,1,0,1,2,0,2,0,0,3,2,1,2,1,1,0,0,0.73,0.48,0.24,0,0.43,372,0.48,186,62,0,186,0,125,6,-1,16,2023,7.42,0.33,2,99,48.87,33.67,78,202,26.33,158,34,38.23,71,0.00,0.00,1.00,6,0.00,1.67,0.24,0.17,1,0.00,1.83,0.00,0.00,0.00,0.17,2.50,0.00,11.00,2.66,0.67,3.50,0.00,1.17,0.18,0.00,0.17,0.00,0.00,0,0,,11,1.83,97,7,1.69,98,4,0.97,88,5,2,4,9,0.00,99,0,1,0.24,19,10,31,2.42,74,0,0.00,99,0,0.00,0,0,0.00,0,1.45,80,21,5.08,98,15,3.63,71.43,0,0.00,0,0,0,0.00,0,0,0.00,0,99,0.00,0,N/A,N/A,N/A,N/A,0.00,0,0.00,0,1.08,78.22,63.64,90,1,71,0.33,0.48,2,99,82,0,0,0,0.00,0.00,0,24,44.52,0.00,0.00,0,0,0.00,0.00,99,0.00,0,0,1,0.17,0.24,0,0.00,0.00,0.24,0.17,1,0,9.09,49,N/A,372,1,2,58,99,1.73,99,0.29,0.42,1.08,89,0.18,0.26,99,13,2.17,3.15,0.73,0.50,25,3,0.26,86,97,3,99,0,77,18,0,0.00,99,1,0.00,0.24,13.06,9.00,54,30,96,90,7.26,5.00,55.56,11,2.66,1,0,10.00,0,0.00,99,1,0.17,0.24,57,6,4,37,75,0,0,0,0,0,96,80,94,48,0,N/A,N/A,99,12,12,0,0,12,10,N/A
Lionel Messi,37,551516400,1987/06/24,International Friendlies,2022,Forward,Argentina,304,214,90,Argentina,4,3,1,10,9,1,1,0,1,2,0,4,3,1,0,0,0,0,0,3.26,0.3,2.96,3.79,1,30,0,0,76,0,304,0,1,23,-1,1,2022,N/A,N/A,N/A,N/A,N/A,N/A,N/A,N/A,N/A,N/A,N/A,N/A,N/A,N/A,N/A,N/A,N/A,N/A,N/A,N/A,N/A,N/A,N/A,N/A,N/A,N/A,N/A,N/A,N/A,N/A,N/A,N/A,N/A,N/A,N/A,N/A,N/A,N/A,N/A,N/A,N/A,N/A,N/A,N/A,N/A,N/A,N/A,N/A,N/A,N/A,N/A,N/A,N/A,N/A,N/A,N/A,N/A,N/A,N/A,N/A,N/A,N/A,N/A,N/A,N/A,N/A,N/A,N/A,N/A,N/A,N/A,N/A,N/A,N/A,N/A,N/A,N/A,N/A,N/A,N/A,N/A,N/A,N/A,N/A,N/A,N/A,N/A,N/A,N/A,N/A,N/A,N/A,N/A,N/A,N/A,N/A,N/A,N/A,N/A,N/A,N/A,N/A,N/A,N/A,N/A,N/A,N/A,N/A,N/A,N/A,N/A,N/A,N/A,N/A,N/A,N/A,N/A,N/A,N/A,N/A,N/A,N/A,N/A,N/A,N/A,N/A,N/A,N/A,N/A,N/A,N/A,N/A,N/A,N/A,N/A,N/A,N/A,N/A,N/A,N/A,N/A,N/A,N/A,N/A,N/A,N/A,N/A,N/A,N/A,N/A,N/A,N/A,N/A,N/A,N/A,N/A,N/A,N/A,N/A,N/A,N/A,N/A,N/A,N/A,N/A,N/A,N/A,N/A,N/A,N/A,N/A,N/A,N/A,N/A,N/A,N/A,N/A,N/A,N/A,N/A,N/A,N/A,N/A,N/A,N/A,N/A,N/A,N/A,N/A,N/A,N/A,N/A,N/A,N/A,N/A,N/A,N/A,N/A,N/A,N/A,N/A,N/A,N/A,N/A,N/A,N/A,N/A,N/A,N/A,N/A,N/A,N/A,N/A,N/A,N/A,N/A,N/A,N/A,N/A,N/A,N/A,N/A,N/A,N/A,N/A,N/A,N/A
Lionel Messi,38,551491200,1987/06/24,FIFA World Cup 2022 Qatar,2022,Forward,Argentina,630,450,180,Argentina,7,5,2,7,6,1,3,2,1,4,1,3,2,1,6,5,1,1,0,1.43,0.43,1,1.2,0.5,90,0.86,105,90,630,210,0.14,2,8,-1,1,2022,8.37,0.43,3,98,45.52,49.86,73,349,42.57,298,84,38.87,76,0.00,0.00,3.00,21,0.00,2.86,0.65,0.71,5,0.00,3.57,0.00,0.00,0.00,0.00,2.43,0.00,4.14,3.78,1.57,4.14,0.00,2.57,0.80,0.00,0.43,0.00,0.00,0,0,,29,4.14,99,18,2.35,99,11,1.43,97,0,0,7,19,0.00,99,0,0,0.00,11,20,69,2.61,76,0,0.00,99,0,0.00,0,0,0.00,0,2.74,98,29,3.78,94,17,2.22,58.62,0,0.00,0,0,0,0.00,0,0,0.00,0,77,0.00,0,N/A,N/A,N/A,N/A,0.00,0,0.00,0,5.61,85.39,62.07,85,7,76,0.29,0.26,2,97,70,4,1,0,0.00,0.00,0,31,58.58,0.00,0.00,0,0,0.00,0.00,99,0.00,0,5,0,0.00,0.00,0,0.00,0.00,0.39,0.43,3,1,24.14,86,N/A,690,33,21,49,79,3.18,98,0.45,0.41,2.11,92,0.30,0.28,97,22,3.14,2.87,1.30,1.43,63,10,0.73,99,99,5,75,0,85,20,0,0.00,99,3,0.00,0.39,13.17,14.43,101,46,81,87,6.00,6.57,45.54,25,3.26,1,0,25.00,0,0.00,99,5,0.71,0.65,78,7,34,31,18,0,1,0,14,0,99,99,95,99,0,N/A,N/A,84,81,41,1,14,57,10,N/A
Lionel Messi,36,551516400,1987/06/24,CONMEBOL UEFA Cup of Champions,2022,Forward,Argentina,90,0,90,Argentina,1,0,1,0,0,0,2,0,2,0,0,1,0,1,0,0,0,0,0,2,2,0,0,0,0,0,0,90,0,45,0,-1,-1,-1,11,2022,N/A,N/A,N/A,N/A,N/A,N/A,N/A,N/A,N/A,N/A,N/A,N/A,N/A,N/A,N/A,N/A,N/A,N/A,N/A,N/A,N/A,N/A,N/A,N/A,N/A,N/A,N/A,N/A,N/A,N/A,N/A,N/A,N/A,N/A,N/A,N/A,N/A,N/A,N/A,N/A,N/A,N/A,N/A,N/A,N/A,N/A,N/A,N/A,N/A,N/A,N/A,N/A,N/A,N/A,N/A,N/A,N/A,N/A,N/A,N/A,N/A,N/A,N/A,N/A,N/A,N/A,N/A,N/A,N/A,N/A,N/A,N/A,N/A,N/A,N/A,N/A,N/A,N/A,N/A,N/A,N/A,N/A,N/A,N/A,N/A,N/A,N/A,N/A,N/A,N/A,N/A,N/A,N/A,N/A,N/A,N/A,N/A,N/A,N/A,N/A,N/A,N/A,N/A,N/A,N/A,N/A,N/A,N/A,N/A,N/A,N/A,N/A,N/A,N/A,N/A,N/A,N/A,N/A,N/A,N/A,N/A,N/A,N/A,N/A,N/A,N/A,N/A,N/A,N/A,N/A,N/A,N/A,N/A,N/A,N/A,N/A,N/A,N/A,N/A,N/A,N/A,N/A,N/A,N/A,N/A,N/A,N/A,N/A,N/A,N/A,N/A,N/A,N/A,N/A,N/A,N/A,N/A,N/A,N/A,N/A,N/A,N/A,N/A,N/A,N/A,N/A,N/A,N/A,N/A,N/A,N/A,N/A,N/A,N/A,N/A,N/A,N/A,N/A,N/A,N/A,N/A,N/A,N/A,N/A,N/A,N/A,N/A,N/A,N/A,N/A,N/A,N/A,N/A,N/A,N/A,N/A,N/A,N/A,N/A,N/A,N/A,N/A,N/A,N/A,N/A,N/A,N/A,N/A,N/A,N/A,N/A,N/A,N/A,N/A,N/A,N/A,N/A,N/A,N/A,N/A,N/A,N/A,N/A,N/A,N/A,N/A,N/A
Lionel Messi,35,551516400,1987/06/24,UEFA Champions League,2021/2022,Forward,PSG,630,360,270,Argentina,7,4,3,5,5,0,0,0,0,2,1,2,2,0,9,3,6,1,0,0.71,0,0.71,1.25,0,126,1.29,70,90,630,0,0.14,18,307,-1,2,2022,7.78,0,0,51,62.14,62.14,94,435,54.29,380,90,54.29,94,0.00,0.00,1.86,13,0.00,1.57,0.43,0.43,3,0.00,1.43,0.00,0.00,0.00,0.00,3.29,0.00,3.60,2.57,1.14,5.14,0.00,1.43,0.51,0.00,0.29,0.00,0.00,0,0,,18,2.57,96,10,1.43,97,8,1.14,92,0,0,7,14,0.00,99,0,0,0.00,11,11,73,1.57,63,0,0.00,99,0,0.00,0,0,0.00,0,1.86,91,36,5.14,99,23,3.29,63.89,0,0.00,0,0,0,0.00,0,0,0.00,0,43,0.00,0,N/A,N/A,N/A,N/A,0.00,0,0.00,0,3.54,87.36,55.56,80,5,15,1.14,1.14,8,99,75,2,1,0,0.00,0.00,0,30,54.46,0.00,0.00,0,0,0.00,0.00,99,0.00,0,3,2,0.29,0.29,0,0.00,0.00,0.14,0.14,1,1,27.78,90,N/A,630,30,19,50,44,1.22,72,0.17,0.17,1.44,86,0.21,0.21,77,11,1.57,1.57,0.43,0.43,14,3,0.51,98,99,5,99,0,68,15,0,0.00,99,2,0.00,0.29,10.57,10.57,74,38,71,67,5.43,5.43,51.35,10,1.43,19,0,27.27,0,0.00,99,3,0.43,0.43,69,7,33,31,17,0,2,0,29,0,95,98,65,99,0,N/A,N/A,59,80,41,1,14,57,30,N/A
Lionel Messi,37,551516400,1987/06/24,Ligue 1,2021/2022,Forward,PSG,2153,1139,1014,Argentina,26,14,12,6,3,3,14,6,8,0,0,9,6,3,22,9,13,0,0,0.84,0.59,0.25,0.24,0.27,359,0.92,98,83,0,154,0,82,3,-1,3,2022,7.72,0.54,13,99,67.01,61.65,96,1603,53.46,1390,88,58.10,96,0.00,0.00,2.46,64,0.00,1.23,0.46,0.42,11,0.00,1.62,0.00,0.00,0.00,0.15,2.42,0.00,11.33,2.84,1.50,3.73,0.00,1.12,0.24,0.00,0.19,0.00,0.00,0,0,,68,2.62,98,29,1.21,94,39,1.63,98,2,2,24,15,0.00,99,0,4,0.17,17,32,69,1.34,60,0,0.00,99,0,0.00,0,0,0.00,0,2.68,98,97,4.05,96,63,2.63,64.95,0,0.00,0,0,0,0.00,0,0,0.00,0,75,0.00,0,N/A,N/A,N/A,N/A,0.00,0,0.00,0,6.18,86.71,42.65,56,6,62,0.38,0.42,10,98,77,0,0,0,0.00,0.00,0,31,200.67,0.00,0.00,0,0,0.00,0.00,99,0.00,0,0,11,0.42,0.46,0,0.00,0.00,0.42,0.38,10,0,8.82,56,N/A,2153,87,80,66,76,12.86,99,0.49,0.54,6.18,90,0.24,0.26,73,35,1.35,1.46,0.25,0.23,11,6,0.26,88,99,5,99,0,86,11,0,0.00,99,5,0.00,0.21,8.69,8.00,208,113,56,47,4.72,4.35,54.33,42,1.76,11,0,25.00,0,0.00,99,8,0.31,0.33,63,26,87,56,60,0,1,0,4,0,97,83,85,79,0,N/A,N/A,74,21,21,0,0,22,30,N/A
Lionel Messi,37,551491200,1987/06/24,Coupe de France,2021/2022,Forward,PSG,90,90,0,Argentina,1,1,0,0,0,0,0,0,0,0,0,1,1,0,0,0,0,0,0,0,0,0,0,0,0,0,0,90,0,0,0,-1,-1,-1,6,2022,N/A,N/A,N/A,N/A,N/A,N/A,N/A,N/A,N/A,N/A,N/A,N/A,N/A,N/A,N/A,N/A,N/A,N/A,N/A,N/A,N/A,N/A,N/A,N/A,N/A,N/A,N/A,N/A,N/A,N/A,N/A,N/A,N/A,N/A,N/A,N/A,N/A,N/A,N/A,N/A,N/A,N/A,N/A,N/A,N/A,N/A,N/A,N/A,N/A,N/A,N/A,N/A,N/A,N/A,N/A,N/A,N/A,N/A,N/A,N/A,N/A,N/A,N/A,N/A,N/A,N/A,N/A,N/A,N/A,N/A,N/A,N/A,N/A,N/A,N/A,N/A,N/A,N/A,N/A,N/A,N/A,N/A,N/A,N/A,N/A,N/A,N/A,N/A,N/A,N/A,N/A,N/A,N/A,N/A,N/A,N/A,N/A,N/A,N/A,N/A,N/A,N/A,N/A,N/A,N/A,N/A,N/A,N/A,N/A,N/A,N/A,N/A,N/A,N/A,N/A,N/A,N/A,N/A,N/A,N/A,N/A,N/A,N/A,N/A,N/A,N/A,N/A,N/A,N/A,N/A,N/A,N/A,N/A,N/A,N/A,N/A,N/A,N/A,N/A,N/A,N/A,N/A,N/A,N/A,N/A,N/A,N/A,N/A,N/A,N/A,N/A,N/A,N/A,N/A,N/A,N/A,N/A,N/A,N/A,N/A,N/A,N/A,N/A,N/A,N/A,N/A,N/A,N/A,N/A,N/A,N/A,N/A,N/A,N/A,N/A,N/A,N/A,N/A,N/A,N/A,N/A,N/A,N/A,N/A,N/A,N/A,N/A,N/A,N/A,N/A,N/A,N/A,N/A,N/A,N/A,N/A,N/A,N/A,N/A,N/A,N/A,N/A,N/A,N/A,N/A,N/A,N/A,N/A,N/A,N/A,N/A,N/A,N/A,N/A,N/A,N/A,N/A,N/A,N/A,N/A,N/A,N/A,N/A,N/A,N/A,N/A,N/A
Lionel Messi,36,551516400,1987/06/24,WC Qualification South America,2022,Forward,Argentina,1274,720,554,Argentina,15,8,7,7,7,0,0,0,0,2,0,9,6,3,4,2,2,0,0,0.49,0,0.49,0.88,0,182,0.28,319,85,0,0,0,17,196,-1,2,2022,7.81,0,0,46,58.83,55.29,92,774,47.64,667,88,50.70,92,0.00,0.00,2.14,30,0.00,3.86,0.76,0.71,10,0.00,1.79,0.00,0.00,0.00,0.29,4.14,0.00,5.29,2.81,1.07,6.71,0.00,1.57,0.41,0.00,0.29,0.00,0.00,0,0,,37,2.64,98,22,1.67,99,15,1.14,92,0,1,14,22,0.00,99,0,4,0.30,21,54,47,4.10,88,0,0.00,99,0,0.00,0,0,0.00,0,2.28,96,94,7.15,99,58,4.41,61.70,0,0.00,0,0,0,0.00,0,0,0.00,0,99,0.00,0,N/A,N/A,N/A,N/A,0.00,0,0.00,0,5.69,86.18,59.46,85,7,66,0.43,0.46,6,99,68,2,0,0,0.00,0.00,0,29,109.39,0.00,0.00,0,0,0.00,0.00,99,0.00,0,2,2,0.14,0.15,0,0.00,0.00,0.08,0.07,1,0,18.92,79,N/A,1184,49,33,49,99,2.84,86,0.20,0.22,4.29,95,0.31,0.33,96,35,2.50,2.66,0.53,0.50,16,7,0.43,97,99,3,95,0,59,13,0,0.00,99,4,0.00,0.30,14.21,13.36,187,107,96,89,8.13,7.64,57.22,25,1.90,9,0,16.67,0,0.00,99,9,0.64,0.68,79,14,49,36,14,1,1,1,7,7,88,95,60,99,0,N/A,N/A,98,17,17,0,0,17,10,N/A
Lionel Messi,37,551516400,1987/06/24,Club Friendlies 1,2022,Forward,PSG,167,167,0,Argentina,3,3,0,0,0,0,0,0,0,0,0,2,2,0,0,0,0,0,0,0,0,0,0,0,0,0,0,56,0,0,0,-1,-1,-1,33,2022,N/A,N/A,N/A,N/A,N/A,N/A,N/A,N/A,N/A,N/A,N/A,N/A,N/A,N/A,N/A,N/A,N/A,N/A,N/A,N/A,N/A,N/A,N/A,N/A,N/A,N/A,N/A,N/A,N/A,N/A,N/A,N/A,N/A,N/A,N/A,N/A,N/A,N/A,N/A,N/A,N/A,N/A,N/A,N/A,N/A,N/A,N/A,N/A,N/A,N/A,N/A,N/A,N/A,N/A,N/A,N/A,N/A,N/A,N/A,N/A,N/A,N/A,N/A,N/A,N/A,N/A,N/A,N/A,N/A,N/A,N/A,N/A,N/A,N/A,N/A,N/A,N/A,N/A,N/A,N/A,N/A,N/A,N/A,N/A,N/A,N/A,N/A,N/A,N/A,N/A,N/A,N/A,N/A,N/A,N/A,N/A,N/A,N/A,N/A,N/A,N/A,N/A,N/A,N/A,N/A,N/A,N/A,N/A,N/A,N/A,N/A,N/A,N/A,N/A,N/A,N/A,N/A,N/A,N/A,N/A,N/A,N/A,N/A,N/A,N/A,N/A,N/A,N/A,N/A,N/A,N/A,N/A,N/A,N/A,N/A,N/A,N/A,N/A,N/A,N/A,N/A,N/A,N/A,N/A,N/A,N/A,N/A,N/A,N/A,N/A,N/A,N/A,N/A,N/A,N/A,N/A,N/A,N/A,N/A,N/A,N/A,N/A,N/A,N/A,N/A,N/A,N/A,N/A,N/A,N/A,N/A,N/A,N/A,N/A,N/A,N/A,N/A,N/A,N/A,N/A,N/A,N/A,N/A,N/A,N/A,N/A,N/A,N/A,N/A,N/A,N/A,N/A,N/A,N/A,N/A,N/A,N/A,N/A,N/A,N/A,N/A,N/A,N/A,N/A,N/A,N/A,N/A,N/A,N/A,N/A,N/A,N/A,N/A,N/A,N/A,N/A,N/A,N/A,N/A,N/A,N/A,N/A,N/A,N/A,N/A,N/A,N/A
Lionel Messi,36,551516400,1987/06/24,Supercopa de Espana,2020/2021,Forward,FC Barcelona,120,120,0,Argentina,1,1,0,0,0,0,0,0,0,0,0,0,0,0,3,3,0,1,1,0,0,0,0,0,0,2.25,40,120,60,0,1.5,-1,-1,-1,14,2021,N/A,N/A,N/A,N/A,N/A,N/A,N/A,N/A,N/A,N/A,N/A,N/A,N/A,N/A,N/A,N/A,N/A,N/A,N/A,N/A,N/A,N/A,N/A,N/A,N/A,N/A,N/A,N/A,N/A,N/A,N/A,N/A,N/A,N/A,N/A,N/A,N/A,N/A,N/A,N/A,N/A,N/A,N/A,N/A,N/A,N/A,N/A,N/A,N/A,N/A,N/A,N/A,N/A,N/A,N/A,N/A,N/A,N/A,N/A,N/A,N/A,N/A,N/A,N/A,N/A,N/A,N/A,N/A,N/A,N/A,N/A,N/A,N/A,N/A,N/A,N/A,N/A,N/A,N/A,N/A,N/A,N/A,N/A,N/A,N/A,N/A,N/A,N/A,N/A,N/A,N/A,N/A,N/A,N/A,N/A,N/A,N/A,N/A,N/A,N/A,N/A,N/A,N/A,N/A,N/A,N/A,N/A,N/A,N/A,N/A,N/A,N/A,N/A,N/A,N/A,N/A,N/A,N/A,N/A,N/A,N/A,N/A,N/A,N/A,N/A,N/A,N/A,N/A,N/A,N/A,N/A,N/A,N/A,N/A,N/A,N/A,N/A,N/A,N/A,N/A,N/A,N/A,N/A,N/A,N/A,N/A,N/A,N/A,N/A,N/A,N/A,N/A,N/A,N/A,N/A,N/A,N/A,N/A,N/A,N/A,N/A,N/A,N/A,N/A,N/A,N/A,N/A,N/A,N/A,N/A,N/A,N/A,N/A,N/A,N/A,N/A,N/A,N/A,N/A,N/A,N/A,N/A,N/A,N/A,N/A,N/A,N/A,N/A,N/A,N/A,N/A,N/A,N/A,N/A,N/A,N/A,N/A,N/A,N/A,N/A,N/A,N/A,N/A,N/A,N/A,N/A,N/A,N/A,N/A,N/A,N/A,N/A,N/A,N/A,N/A,N/A,N/A,N/A,N/A,N/A,N/A,N/A,N/A,N/A,N/A,N/A,N/A
Lionel Messi,37,551516400,1987/06/24,La Liga,2020/2021,Forward,FC Barcelona,3022,1574,1448,Argentina,35,18,17,30,18,12,9,3,6,3,2,12,6,6,33,17,16,4,0,1.16,0.27,0.89,1.03,0.75,101,0.98,92,86,756,336,0.12,1,28,-1,1,2021,8.39,0.26,9,94,66.89,64.17,97,2246,54.69,1914,85,57.00,96,0.00,0.00,2.31,81,0.00,3.60,0.54,0.51,18,0.00,2.51,0.00,0.00,0.00,0.17,4.57,0.00,4.70,4.20,1.43,7.06,0.00,2.60,0.68,0.00,0.23,0.00,0.00,0,0,,141,4.03,99,91,2.71,99,50,1.49,98,4,2,33,16,0.00,99,0,6,0.18,15,126,74,3.75,86,0,0.00,99,0,0.00,0,0,0.00,0,2.41,97,247,7.36,99,160,4.77,64.78,0,0.00,0,0,0,0.00,0,0,0.00,0,72,0.00,0,N/A,N/A,N/A,N/A,0.00,0,0.00,0,23.67,85.22,64.54,90,30,82,0.23,0.24,8,99,71,3,2,0,0.00,0.00,0,29,293.66,0.00,0.00,0,0,0.00,0.00,99,0.00,0,5,8,0.23,0.24,0,0.00,0.00,0.24,0.23,8,0,21.28,84,N/A,3022,95,93,44,73,12.35,98,0.35,0.37,20.17,99,0.58,0.60,97,99,2.83,2.95,0.66,0.63,21,22,0.70,99,99,3,99,0,78,10,0,0.00,99,8,0.00,0.24,14.89,14.29,500,285,97,92,8.49,8.14,57.00,88,2.62,2,0,27.78,0,0.00,99,35,1.00,1.04,89,35,94,45,74,0,9,0,26,0,99,99,98,99,0,N/A,N/A,73,82,36,4,11,48,10,N/A
Lionel Messi,36,551516400,1987/06/24,Copa America,2021,Forward,Argentina,630,540,90,Argentina,7,6,1,4,2,2,5,4,1,1,0,4,4,0,3,2,1,0,0,1.29,0.71,0.57,0.33,2,158,0.43,210,90,0,126,0,5,1,-1,1,2021,8.06,0.71,5,99,43.86,43.86,69,307,35.43,248,63,35.43,69,0.00,0.00,2.71,19,0.00,3.00,1.14,1.14,8,0.00,2.71,0.00,0.00,0.00,0.29,3.57,0.00,4.75,2.71,1.14,5.71,0.00,1.57,0.44,0.00,0.29,0.00,0.00,0,0,,19,2.71,97,11,1.57,98,8,1.14,92,0,0,7,39,0.00,99,0,2,0.29,23,21,90,3.00,80,0,0.00,99,0,0.00,0,0,0.00,0,2.71,98,40,5.71,99,25,3.57,62.50,0,0.00,0,0,0,0.00,0,0,0.00,0,97,0.00,0,N/A,N/A,N/A,N/A,0.00,0,0.00,0,3.09,80.78,57.89,82,4,5,1.57,1.57,11,99,74,1,0,0,0.00,0.00,0,30,56.40,0.00,0.00,0,0,0.00,0.00,99,0.00,0,1,1,0.14,0.14,0,0.00,0.00,0.43,0.43,3,0,21.05,82,N/A,630,30,19,52,98,4.28,99,0.61,0.61,2.39,95,0.34,0.34,96,19,2.71,2.71,0.57,0.57,19,4,0.44,97,99,5,94,0,86,15,0,0.00,99,2,0.00,0.29,15.71,15.71,110,54,95,95,7.71,7.71,49.09,19,2.71,2,0,38.10,0,0.00,99,8,1.14,1.14,90,7,33,31,17,0,1,0,14,0,99,97,99,85,0,N/A,N/A,96,21,21,0,0,22,10,N/A
Lionel Messi,36,551516400,1987/06/24,UEFA Champions League,2020/2021,Forward,FC Barcelona,540,360,180,Argentina,6,4,2,5,3,2,2,1,1,4,1,1,0,1,10,9,1,0,0,1.17,0.33,0.83,0.75,1,108,1.67,54,90,0,270,0,10,23,-1,1,2021,8.29,0.33,2,96,72.17,72.17,98,433,64.00,384,95,64.00,98,0.00,0.00,3.83,23,0.00,3.17,0.83,0.83,5,0.00,4.00,0.00,0.00,0.00,0.33,4.67,0.00,5.20,4.33,1.00,7.33,0.00,3.33,0.68,0.00,0.00,0.00,0.00,N/A,-1,,26,4.33,99,20,3.33,99,6,1.00,89,0,0,6,25,0.00,99,0,2,0.33,22,19,90,3.17,81,0,0.00,99,0,0.00,-1,0,0.00,-1,3.83,99,44,7.33,99,28,4.67,63.64,0,0.00,-1,0,N/A,0.00,-1,0,0.00,0,16,0.00,-1,N/A,N/A,N/A,N/A,0.00,0,0.00,-1,4.09,88.68,76.92,96,5,35,0.83,0.83,5,99,69,4,1,0,0.00,0.00,0,32,49.75,0.00,0.00,0,0,0.00,0.00,99,0.00,0,5,1,0.17,0.17,0,0.00,0.00,0.17,0.17,1,2,19.23,79,N/A,540,17,9,44,17,2.76,99,0.46,0.46,0.59,67,0.10,0.10,87,12,2.00,2.00,0.33,0.33,10,2,0.68,99,99,3,97,-1,73,3,0,0.00,99,0,0.00,0.00,15.67,15.67,94,45,93,93,7.50,7.50,47.87,24,4.00,0,0,36.84,0,0.00,99,7,1.17,1.17,91,6,20,23,14,0,0,0,0,0,99,99,99,98,0,N/A,N/A,23,17,17,0,0,17,10,N/A
Lionel Messi,36,551516400,1987/06/24,Copa del Rey,2020/2021,Forward,FC Barcelona,450,90,360,Argentina,5,1,4,3,0,3,1,0,1,0,0,2,1,1,5,0,5,2,0,0.8,0.2,0.6,0,0.75,150,1,90,90,225,450,0.4,11,34,-1,2,2021,8.80,0.2,1,88,73.20,73.20,98,366,61.40,307,79,61.40,98,0.00,0.00,3.60,18,0.00,5.80,0.80,0.80,4,0.00,3.40,0.00,0.00,0.00,0.20,7.00,0.00,7.33,4.40,1.00,8.60,0.00,3.40,0.56,0.00,0.00,0.00,0.00,0,0,,22,4.40,99,17,3.40,99,5,1.00,88,0,0,5,24,0.00,99,0,1,0.20,17,29,56,5.80,96,0,0.00,99,0,0.00,0,0,0.00,0,3.60,99,43,8.60,99,35,7.00,81.40,0,0.00,0,0,0,0.00,0,0,0.00,0,71,0.00,0,N/A,N/A,N/A,N/A,0.00,0,0.00,0,2.82,83.88,77.27,96,3,85,0.20,0.20,1,99,89,0,0,0,0.00,0.00,0,28,44.01,0.00,0.00,0,0,0.00,0.00,99,0.00,0,0,3,0.60,0.60,0,0.00,0.00,0.40,0.40,2,0,13.64,66,N/A,450,11,7,46,72,1.97,98,0.39,0.39,2.82,99,0.56,0.56,99,21,4.20,4.20,0.60,0.60,18,3,0.56,99,99,3,99,0,85,3,0,0.00,99,0,0.00,0.00,18.00,18.00,90,60,99,98,12.00,12.00,66.67,17,3.40,0,0,20.69,0,0.00,99,6,1.20,1.20,91,5,15,23,14,0,1,0,20,0,97,98,98,56,0,N/A,N/A,86,28,89,2,40,98,10,N/A
Lionel Messi,35,551516400,1987/06/24,UEFA Champions League,2019/2020,Forward,FC Barcelona,661,450,211,Argentina,8,5,3,3,2,1,3,3,0,0,0,2,1,1,13,11,2,2,0,0.82,0.41,0.41,0.4,0.43,220,1.77,51,83,331,220,0.27,64,28,-1,2,2020,N/A,N/A,N/A,N/A,N/A,N/A,N/A,N/A,N/A,N/A,N/A,N/A,N/A,N/A,N/A,N/A,N/A,N/A,N/A,N/A,N/A,N/A,N/A,N/A,N/A,N/A,N/A,N/A,N/A,N/A,N/A,N/A,N/A,N/A,N/A,N/A,N/A,N/A,N/A,N/A,N/A,N/A,N/A,N/A,N/A,N/A,N/A,N/A,N/A,N/A,N/A,N/A,N/A,N/A,N/A,N/A,N/A,N/A,N/A,N/A,N/A,N/A,N/A,N/A,N/A,N/A,N/A,N/A,N/A,N/A,N/A,N/A,N/A,N/A,N/A,N/A,N/A,N/A,N/A,N/A,N/A,N/A,N/A,N/A,N/A,N/A,N/A,N/A,N/A,N/A,N/A,N/A,N/A,N/A,N/A,N/A,N/A,N/A,N/A,N/A,N/A,N/A,N/A,N/A,N/A,N/A,N/A,N/A,N/A,N/A,N/A,N/A,N/A,N/A,N/A,N/A,N/A,N/A,N/A,N/A,N/A,N/A,N/A,N/A,N/A,N/A,N/A,N/A,N/A,N/A,N/A,N/A,N/A,N/A,N/A,N/A,N/A,N/A,N/A,N/A,N/A,N/A,N/A,N/A,N/A,N/A,N/A,N/A,N/A,N/A,N/A,N/A,N/A,N/A,N/A,N/A,N/A,N/A,N/A,N/A,N/A,N/A,N/A,N/A,N/A,N/A,N/A,N/A,N/A,N/A,N/A,N/A,N/A,N/A,N/A,N/A,N/A,N/A,N/A,N/A,N/A,N/A,N/A,N/A,N/A,N/A,N/A,N/A,N/A,N/A,N/A,N/A,N/A,N/A,N/A,N/A,N/A,N/A,N/A,N/A,N/A,N/A,N/A,N/A,N/A,N/A,N/A,N/A,N/A,N/A,N/A,N/A,N/A,N/A,N/A,N/A,N/A,N/A,N/A,N/A,N/A,N/A,N/A,N/A,N/A,N/A,N/A
Lionel Messi,35,551516400,1987/06/24,Supercopa de Espana,2019/2020,Forward,FC Barcelona,90,90,0,Argentina,1,1,0,1,1,0,0,0,0,0,0,0,0,0,3,3,0,0,0,1,0,1,1,0,90,3,30,90,0,0,0,-1,-1,-1,2,2020,N/A,N/A,N/A,N/A,N/A,N/A,N/A,N/A,N/A,N/A,N/A,N/A,N/A,N/A,N/A,N/A,N/A,N/A,N/A,N/A,N/A,N/A,N/A,N/A,N/A,N/A,N/A,N/A,N/A,N/A,N/A,N/A,N/A,N/A,N/A,N/A,N/A,N/A,N/A,N/A,N/A,N/A,N/A,N/A,N/A,N/A,N/A,N/A,N/A,N/A,N/A,N/A,N/A,N/A,N/A,N/A,N/A,N/A,N/A,N/A,N/A,N/A,N/A,N/A,N/A,N/A,N/A,N/A,N/A,N/A,N/A,N/A,N/A,N/A,N/A,N/A,N/A,N/A,N/A,N/A,N/A,N/A,N/A,N/A,N/A,N/A,N/A,N/A,N/A,N/A,N/A,N/A,N/A,N/A,N/A,N/A,N/A,N/A,N/A,N/A,N/A,N/A,N/A,N/A,N/A,N/A,N/A,N/A,N/A,N/A,N/A,N/A,N/A,N/A,N/A,N/A,N/A,N/A,N/A,N/A,N/A,N/A,N/A,N/A,N/A,N/A,N/A,N/A,N/A,N/A,N/A,N/A,N/A,N/A,N/A,N/A,N/A,N/A,N/A,N/A,N/A,N/A,N/A,N/A,N/A,N/A,N/A,N/A,N/A,N/A,N/A,N/A,N/A,N/A,N/A,N/A,N/A,N/A,N/A,N/A,N/A,N/A,N/A,N/A,N/A,N/A,N/A,N/A,N/A,N/A,N/A,N/A,N/A,N/A,N/A,N/A,N/A,N/A,N/A,N/A,N/A,N/A,N/A,N/A,N/A,N/A,N/A,N/A,N/A,N/A,N/A,N/A,N/A,N/A,N/A,N/A,N/A,N/A,N/A,N/A,N/A,N/A,N/A,N/A,N/A,N/A,N/A,N/A,N/A,N/A,N/A,N/A,N/A,N/A,N/A,N/A,N/A,N/A,N/A,N/A,N/A,N/A,N/A,N/A,N/A,N/A,N/A
Lionel Messi,37,551516400,1987/06/24,Copa del Rey,2019/2020,Forward,FC Barcelona,180,90,90,Argentina,2,1,1,2,2,0,1,1,0,0,0,1,1,0,0,0,0,1,0,1.5,0.5,1,2,0,90,0,0,90,180,180,0.5,-1,-1,-1,2,2020,N/A,N/A,N/A,N/A,N/A,N/A,N/A,N/A,N/A,N/A,N/A,N/A,N/A,N/A,N/A,N/A,N/A,N/A,N/A,N/A,N/A,N/A,N/A,N/A,N/A,N/A,N/A,N/A,N/A,N/A,N/A,N/A,N/A,N/A,N/A,N/A,N/A,N/A,N/A,N/A,N/A,N/A,N/A,N/A,N/A,N/A,N/A,N/A,N/A,N/A,N/A,N/A,N/A,N/A,N/A,N/A,N/A,N/A,N/A,N/A,N/A,N/A,N/A,N/A,N/A,N/A,N/A,N/A,N/A,N/A,N/A,N/A,N/A,N/A,N/A,N/A,N/A,N/A,N/A,N/A,N/A,N/A,N/A,N/A,N/A,N/A,N/A,N/A,N/A,N/A,N/A,N/A,N/A,N/A,N/A,N/A,N/A,N/A,N/A,N/A,N/A,N/A,N/A,N/A,N/A,N/A,N/A,N/A,N/A,N/A,N/A,N/A,N/A,N/A,N/A,N/A,N/A,N/A,N/A,N/A,N/A,N/A,N/A,N/A,N/A,N/A,N/A,N/A,N/A,N/A,N/A,N/A,N/A,N/A,N/A,N/A,N/A,N/A,N/A,N/A,N/A,N/A,N/A,N/A,N/A,N/A,N/A,N/A,N/A,N/A,N/A,N/A,N/A,N/A,N/A,N/A,N/A,N/A,N/A,N/A,N/A,N/A,N/A,N/A,N/A,N/A,N/A,N/A,N/A,N/A,N/A,N/A,N/A,N/A,N/A,N/A,N/A,N/A,N/A,N/A,N/A,N/A,N/A,N/A,N/A,N/A,N/A,N/A,N/A,N/A,N/A,N/A,N/A,N/A,N/A,N/A,N/A,N/A,N/A,N/A,N/A,N/A,N/A,N/A,N/A,N/A,N/A,N/A,N/A,N/A,N/A,N/A,N/A,N/A,N/A,N/A,N/A,N/A,N/A,N/A,N/A,N/A,N/A,N/A,N/A,N/A,N/A
Lionel Messi,35,551516400,1987/06/24,UEFA Super Cup,2019/2020,Forward,FC Barcelona,90,0,90,Argentina,1,0,1,2,0,2,1,0,1,0,0,1,0,1,0,0,0,0,0,3,1,2,0,2,45,0,0,90,0,90,0,-1,-1,-1,1,2020,N/A,N/A,N/A,N/A,N/A,N/A,N/A,N/A,N/A,N/A,N/A,N/A,N/A,N/A,N/A,N/A,N/A,N/A,N/A,N/A,N/A,N/A,N/A,N/A,N/A,N/A,N/A,N/A,N/A,N/A,N/A,N/A,N/A,N/A,N/A,N/A,N/A,N/A,N/A,N/A,N/A,N/A,N/A,N/A,N/A,N/A,N/A,N/A,N/A,N/A,N/A,N/A,N/A,N/A,N/A,N/A,N/A,N/A,N/A,N/A,N/A,N/A,N/A,N/A,N/A,N/A,N/A,N/A,N/A,N/A,N/A,N/A,N/A,N/A,N/A,N/A,N/A,N/A,N/A,N/A,N/A,N/A,N/A,N/A,N/A,N/A,N/A,N/A,N/A,N/A,N/A,N/A,N/A,N/A,N/A,N/A,N/A,N/A,N/A,N/A,N/A,N/A,N/A,N/A,N/A,N/A,N/A,N/A,N/A,N/A,N/A,N/A,N/A,N/A,N/A,N/A,N/A,N/A,N/A,N/A,N/A,N/A,N/A,N/A,N/A,N/A,N/A,N/A,N/A,N/A,N/A,N/A,N/A,N/A,N/A,N/A,N/A,N/A,N/A,N/A,N/A,N/A,N/A,N/A,N/A,N/A,N/A,N/A,N/A,N/A,N/A,N/A,N/A,N/A,N/A,N/A,N/A,N/A,N/A,N/A,N/A,N/A,N/A,N/A,N/A,N/A,N/A,N/A,N/A,N/A,N/A,N/A,N/A,N/A,N/A,N/A,N/A,N/A,N/A,N/A,N/A,N/A,N/A,N/A,N/A,N/A,N/A,N/A,N/A,N/A,N/A,N/A,N/A,N/A,N/A,N/A,N/A,N/A,N/A,N/A,N/A,N/A,N/A,N/A,N/A,N/A,N/A,N/A,N/A,N/A,N/A,N/A,N/A,N/A,N/A,N/A,N/A,N/A,N/A,N/A,N/A,N/A,N/A,N/A,N/A,N/A,N/A
Lionel Messi,37,551516400,1987/06/24,La Liga,2019/2020,Forward,FC Barcelona,2880,1486,1394,Argentina,33,17,16,25,19,6,21,7,14,5,0,14,8,6,27,10,17,4,0,1.44,0.66,0.78,1.15,0.39,115,0.84,107,87,720,137,0.13,2,1,-1,1,2020,N/A,N/A,N/A,N/A,N/A,N/A,N/A,N/A,N/A,N/A,N/A,N/A,N/A,N/A,N/A,N/A,N/A,N/A,N/A,N/A,N/A,N/A,N/A,N/A,N/A,N/A,N/A,N/A,N/A,N/A,N/A,N/A,N/A,N/A,N/A,N/A,N/A,N/A,N/A,N/A,N/A,N/A,N/A,N/A,N/A,N/A,N/A,N/A,N/A,N/A,N/A,N/A,N/A,N/A,N/A,N/A,N/A,N/A,N/A,N/A,N/A,N/A,N/A,N/A,N/A,N/A,N/A,N/A,N/A,N/A,N/A,N/A,N/A,N/A,N/A,N/A,N/A,N/A,N/A,N/A,N/A,N/A,N/A,N/A,N/A,N/A,N/A,N/A,N/A,N/A,N/A,N/A,N/A,N/A,N/A,N/A,N/A,N/A,N/A,N/A,N/A,N/A,N/A,N/A,N/A,N/A,N/A,N/A,N/A,N/A,N/A,N/A,N/A,N/A,N/A,N/A,N/A,N/A,N/A,N/A,N/A,N/A,N/A,N/A,N/A,N/A,N/A,N/A,N/A,N/A,N/A,N/A,N/A,N/A,N/A,N/A,N/A,N/A,N/A,N/A,N/A,N/A,N/A,N/A,N/A,N/A,N/A,N/A,N/A,N/A,N/A,N/A,N/A,N/A,N/A,N/A,N/A,N/A,N/A,N/A,N/A,N/A,N/A,N/A,N/A,N/A,N/A,N/A,N/A,N/A,N/A,N/A,N/A,N/A,N/A,N/A,N/A,N/A,N/A,N/A,N/A,N/A,N/A,N/A,N/A,N/A,N/A,N/A,N/A,N/A,N/A,N/A,N/A,N/A,N/A,N/A,N/A,N/A,N/A,N/A,N/A,N/A,N/A,N/A,N/A,N/A,N/A,N/A,N/A,N/A,N/A,N/A,N/A,N/A,N/A,N/A,N/A,N/A,N/A,N/A,N/A,N/A,N/A,N/A,N/A,N/A,N/A
Lionel Messi,35,551516400,1987/06/24,International Friendlies,2019,Forward,Argentina,316,226,90,Argentina,4,3,1,4,3,1,1,1,0,1,1,1,0,1,5,5,0,0,0,1.42,0.28,1.14,1.19,1,79,1.42,63,79,0,316,0,2,28,-1,2,2019,N/A,N/A,N/A,N/A,N/A,N/A,N/A,N/A,N/A,N/A,N/A,N/A,N/A,N/A,N/A,N/A,N/A,N/A,N/A,N/A,N/A,N/A,N/A,N/A,N/A,N/A,N/A,N/A,N/A,N/A,N/A,N/A,N/A,N/A,N/A,N/A,N/A,N/A,N/A,N/A,N/A,N/A,N/A,N/A,N/A,N/A,N/A,N/A,N/A,N/A,N/A,N/A,N/A,N/A,N/A,N/A,N/A,N/A,N/A,N/A,N/A,N/A,N/A,N/A,N/A,N/A,N/A,N/A,N/A,N/A,N/A,N/A,N/A,N/A,N/A,N/A,N/A,N/A,N/A,N/A,N/A,N/A,N/A,N/A,N/A,N/A,N/A,N/A,N/A,N/A,N/A,N/A,N/A,N/A,N/A,N/A,N/A,N/A,N/A,N/A,N/A,N/A,N/A,N/A,N/A,N/A,N/A,N/A,N/A,N/A,N/A,N/A,N/A,N/A,N/A,N/A,N/A,N/A,N/A,N/A,N/A,N/A,N/A,N/A,N/A,N/A,N/A,N/A,N/A,N/A,N/A,N/A,N/A,N/A,N/A,N/A,N/A,N/A,N/A,N/A,N/A,N/A,N/A,N/A,N/A,N/A,N/A,N/A,N/A,N/A,N/A,N/A,N/A,N/A,N/A,N/A,N/A,N/A,N/A,N/A,N/A,N/A,N/A,N/A,N/A,N/A,N/A,N/A,N/A,N/A,N/A,N/A,N/A,N/A,N/A,N/A,N/A,N/A,N/A,N/A,N/A,N/A,N/A,N/A,N/A,N/A,N/A,N/A,N/A,N/A,N/A,N/A,N/A,N/A,N/A,N/A,N/A,N/A,N/A,N/A,N/A,N/A,N/A,N/A,N/A,N/A,N/A,N/A,N/A,N/A,N/A,N/A,N/A,N/A,N/A,N/A,N/A,N/A,N/A,N/A,N/A,N/A,N/A,N/A,N/A,N/A,N/A
Lionel Messi,35,551516400,1987/06/24,Supercopa de Espana,2018/2019,Forward,FC Barcelona,90,0,90,Argentina,1,0,1,0,0,0,1,0,1,0,0,0,0,0,1,0,1,0,0,1,1,0,0,0,0,1,90,90,0,90,0,-1,-1,-1,10,2019,N/A,N/A,N/A,N/A,N/A,N/A,N/A,N/A,N/A,N/A,N/A,N/A,N/A,N/A,N/A,N/A,N/A,N/A,N/A,N/A,N/A,N/A,N/A,N/A,N/A,N/A,N/A,N/A,N/A,N/A,N/A,N/A,N/A,N/A,N/A,N/A,N/A,N/A,N/A,N/A,N/A,N/A,N/A,N/A,N/A,N/A,N/A,N/A,N/A,N/A,N/A,N/A,N/A,N/A,N/A,N/A,N/A,N/A,N/A,N/A,N/A,N/A,N/A,N/A,N/A,N/A,N/A,N/A,N/A,N/A,N/A,N/A,N/A,N/A,N/A,N/A,N/A,N/A,N/A,N/A,N/A,N/A,N/A,N/A,N/A,N/A,N/A,N/A,N/A,N/A,N/A,N/A,N/A,N/A,N/A,N/A,N/A,N/A,N/A,N/A,N/A,N/A,N/A,N/A,N/A,N/A,N/A,N/A,N/A,N/A,N/A,N/A,N/A,N/A,N/A,N/A,N/A,N/A,N/A,N/A,N/A,N/A,N/A,N/A,N/A,N/A,N/A,N/A,N/A,N/A,N/A,N/A,N/A,N/A,N/A,N/A,N/A,N/A,N/A,N/A,N/A,N/A,N/A,N/A,N/A,N/A,N/A,N/A,N/A,N/A,N/A,N/A,N/A,N/A,N/A,N/A,N/A,N/A,N/A,N/A,N/A,N/A,N/A,N/A,N/A,N/A,N/A,N/A,N/A,N/A,N/A,N/A,N/A,N/A,N/A,N/A,N/A,N/A,N/A,N/A,N/A,N/A,N/A,N/A,N/A,N/A,N/A,N/A,N/A,N/A,N/A,N/A,N/A,N/A,N/A,N/A,N/A,N/A,N/A,N/A,N/A,N/A,N/A,N/A,N/A,N/A,N/A,N/A,N/A,N/A,N/A,N/A,N/A,N/A,N/A,N/A,N/A,N/A,N/A,N/A,N/A,N/A,N/A,N/A,N/A,N/A,N/A
Lionel Messi,35,551516400,1987/06/24,Copa del Rey,2018/2019,Forward,FC Barcelona,387,297,90,Argentina,5,4,1,3,3,0,2,2,0,0,0,2,1,1,3,3,0,0,0,1.16,0.47,0.7,0.91,0,129,0.7,129,77,0,194,0,7,12,-1,2,2019,N/A,N/A,N/A,N/A,N/A,N/A,N/A,N/A,N/A,N/A,N/A,N/A,N/A,N/A,N/A,N/A,N/A,N/A,N/A,N/A,N/A,N/A,N/A,N/A,N/A,N/A,N/A,N/A,N/A,N/A,N/A,N/A,N/A,N/A,N/A,N/A,N/A,N/A,N/A,N/A,N/A,N/A,N/A,N/A,N/A,N/A,N/A,N/A,N/A,N/A,N/A,N/A,N/A,N/A,N/A,N/A,N/A,N/A,N/A,N/A,N/A,N/A,N/A,N/A,N/A,N/A,N/A,N/A,N/A,N/A,N/A,N/A,N/A,N/A,N/A,N/A,N/A,N/A,N/A,N/A,N/A,N/A,N/A,N/A,N/A,N/A,N/A,N/A,N/A,N/A,N/A,N/A,N/A,N/A,N/A,N/A,N/A,N/A,N/A,N/A,N/A,N/A,N/A,N/A,N/A,N/A,N/A,N/A,N/A,N/A,N/A,N/A,N/A,N/A,N/A,N/A,N/A,N/A,N/A,N/A,N/A,N/A,N/A,N/A,N/A,N/A,N/A,N/A,N/A,N/A,N/A,N/A,N/A,N/A,N/A,N/A,N/A,N/A,N/A,N/A,N/A,N/A,N/A,N/A,N/A,N/A,N/A,N/A,N/A,N/A,N/A,N/A,N/A,N/A,N/A,N/A,N/A,N/A,N/A,N/A,N/A,N/A,N/A,N/A,N/A,N/A,N/A,N/A,N/A,N/A,N/A,N/A,N/A,N/A,N/A,N/A,N/A,N/A,N/A,N/A,N/A,N/A,N/A,N/A,N/A,N/A,N/A,N/A,N/A,N/A,N/A,N/A,N/A,N/A,N/A,N/A,N/A,N/A,N/A,N/A,N/A,N/A,N/A,N/A,N/A,N/A,N/A,N/A,N/A,N/A,N/A,N/A,N/A,N/A,N/A,N/A,N/A,N/A,N/A,N/A,N/A,N/A,N/A,N/A,N/A,N/A,N/A
Lionel Messi,35,551516400,1987/06/24,La Liga,2018/2019,Forward,FC Barcelona,2709,1391,1318,Argentina,34,18,16,36,19,17,13,7,6,4,1,16,9,7,25,12,13,3,0,1.63,0.43,1.2,1.23,1.16,75,0.83,108,80,903,208,0.1,1,5,-1,1,2019,N/A,N/A,N/A,N/A,N/A,N/A,N/A,N/A,N/A,N/A,N/A,N/A,N/A,N/A,N/A,N/A,N/A,N/A,N/A,N/A,N/A,N/A,N/A,N/A,N/A,N/A,N/A,N/A,N/A,N/A,N/A,N/A,N/A,N/A,N/A,N/A,N/A,N/A,N/A,N/A,N/A,N/A,N/A,N/A,N/A,N/A,N/A,N/A,N/A,N/A,N/A,N/A,N/A,N/A,N/A,N/A,N/A,N/A,N/A,N/A,N/A,N/A,N/A,N/A,N/A,N/A,N/A,N/A,N/A,N/A,N/A,N/A,N/A,N/A,N/A,N/A,N/A,N/A,N/A,N/A,N/A,N/A,N/A,N/A,N/A,N/A,N/A,N/A,N/A,N/A,N/A,N/A,N/A,N/A,N/A,N/A,N/A,N/A,N/A,N/A,N/A,N/A,N/A,N/A,N/A,N/A,N/A,N/A,N/A,N/A,N/A,N/A,N/A,N/A,N/A,N/A,N/A,N/A,N/A,N/A,N/A,N/A,N/A,N/A,N/A,N/A,N/A,N/A,N/A,N/A,N/A,N/A,N/A,N/A,N/A,N/A,N/A,N/A,N/A,N/A,N/A,N/A,N/A,N/A,N/A,N/A,N/A,N/A,N/A,N/A,N/A,N/A,N/A,N/A,N/A,N/A,N/A,N/A,N/A,N/A,N/A,N/A,N/A,N/A,N/A,N/A,N/A,N/A,N/A,N/A,N/A,N/A,N/A,N/A,N/A,N/A,N/A,N/A,N/A,N/A,N/A,N/A,N/A,N/A,N/A,N/A,N/A,N/A,N/A,N/A,N/A,N/A,N/A,N/A,N/A,N/A,N/A,N/A,N/A,N/A,N/A,N/A,N/A,N/A,N/A,N/A,N/A,N/A,N/A,N/A,N/A,N/A,N/A,N/A,N/A,N/A,N/A,N/A,N/A,N/A,N/A,N/A,N/A,N/A,N/A,N/A,N/A
Lionel Messi,35,551516400,1987/06/24,Copa America,2019,Forward,Argentina,487,217,270,Argentina,6,3,3,1,1,0,1,1,0,1,0,2,0,2,5,3,2,1,1,0.37,0.18,0.18,0.41,0,487,0.92,97,81,244,487,0.37,20,18,-1,5,2019,N/A,N/A,N/A,N/A,N/A,N/A,N/A,N/A,N/A,N/A,N/A,N/A,N/A,N/A,N/A,N/A,N/A,N/A,N/A,N/A,N/A,N/A,N/A,N/A,N/A,N/A,N/A,N/A,N/A,N/A,N/A,N/A,N/A,N/A,N/A,N/A,N/A,N/A,N/A,N/A,N/A,N/A,N/A,N/A,N/A,N/A,N/A,N/A,N/A,N/A,N/A,N/A,N/A,N/A,N/A,N/A,N/A,N/A,N/A,N/A,N/A,N/A,N/A,N/A,N/A,N/A,N/A,N/A,N/A,N/A,N/A,N/A,N/A,N/A,N/A,N/A,N/A,N/A,N/A,N/A,N/A,N/A,N/A,N/A,N/A,N/A,N/A,N/A,N/A,N/A,N/A,N/A,N/A,N/A,N/A,N/A,N/A,N/A,N/A,N/A,N/A,N/A,N/A,N/A,N/A,N/A,N/A,N/A,N/A,N/A,N/A,N/A,N/A,N/A,N/A,N/A,N/A,N/A,N/A,N/A,N/A,N/A,N/A,N/A,N/A,N/A,N/A,N/A,N/A,N/A,N/A,N/A,N/A,N/A,N/A,N/A,N/A,N/A,N/A,N/A,N/A,N/A,N/A,N/A,N/A,N/A,N/A,N/A,N/A,N/A,N/A,N/A,N/A,N/A,N/A,N/A,N/A,N/A,N/A,N/A,N/A,N/A,N/A,N/A,N/A,N/A,N/A,N/A,N/A,N/A,N/A,N/A,N/A,N/A,N/A,N/A,N/A,N/A,N/A,N/A,N/A,N/A,N/A,N/A,N/A,N/A,N/A,N/A,N/A,N/A,N/A,N/A,N/A,N/A,N/A,N/A,N/A,N/A,N/A,N/A,N/A,N/A,N/A,N/A,N/A,N/A,N/A,N/A,N/A,N/A,N/A,N/A,N/A,N/A,N/A,N/A,N/A,N/A,N/A,N/A,N/A,N/A,N/A,N/A,N/A,N/A,N/A
Lionel Messi,37,551516400,1987/06/24,UEFA Champions League,2018/2019,Forward,FC Barcelona,837,387,450,Argentina,10,5,5,12,9,3,3,2,1,1,0,5,3,2,9,2,7,0,0,1.61,0.32,1.29,2.09,0.6,70,0.97,93,84,0,279,0,1,34,-1,1,2019,N/A,N/A,N/A,N/A,N/A,N/A,N/A,N/A,N/A,N/A,N/A,N/A,N/A,N/A,N/A,N/A,N/A,N/A,N/A,N/A,N/A,N/A,N/A,N/A,N/A,N/A,N/A,N/A,N/A,N/A,N/A,N/A,N/A,N/A,N/A,N/A,N/A,N/A,N/A,N/A,N/A,N/A,N/A,N/A,N/A,N/A,N/A,N/A,N/A,N/A,N/A,N/A,N/A,N/A,N/A,N/A,N/A,N/A,N/A,N/A,N/A,N/A,N/A,N/A,N/A,N/A,N/A,N/A,N/A,N/A,N/A,N/A,N/A,N/A,N/A,N/A,N/A,N/A,N/A,N/A,N/A,N/A,N/A,N/A,N/A,N/A,N/A,N/A,N/A,N/A,N/A,N/A,N/A,N/A,N/A,N/A,N/A,N/A,N/A,N/A,N/A,N/A,N/A,N/A,N/A,N/A,N/A,N/A,N/A,N/A,N/A,N/A,N/A,N/A,N/A,N/A,N/A,N/A,N/A,N/A,N/A,N/A,N/A,N/A,N/A,N/A,N/A,N/A,N/A,N/A,N/A,N/A,N/A,N/A,N/A,N/A,N/A,N/A,N/A,N/A,N/A,N/A,N/A,N/A,N/A,N/A,N/A,N/A,N/A,N/A,N/A,N/A,N/A,N/A,N/A,N/A,N/A,N/A,N/A,N/A,N/A,N/A,N/A,N/A,N/A,N/A,N/A,N/A,N/A,N/A,N/A,N/A,N/A,N/A,N/A,N/A,N/A,N/A,N/A,N/A,N/A,N/A,N/A,N/A,N/A,N/A,N/A,N/A,N/A,N/A,N/A,N/A,N/A,N/A,N/A,N/A,N/A,N/A,N/A,N/A,N/A,N/A,N/A,N/A,N/A,N/A,N/A,N/A,N/A,N/A,N/A,N/A,N/A,N/A,N/A,N/A,N/A,N/A,N/A,N/A,N/A,N/A,N/A,N/A,N/A,N/A,N/A
Lionel Messi,36,551516400,1987/06/24,Supercopa de Espana,2017/2018,Forward,FC Barcelona,180,90,90,Argentina,2,1,1,1,1,0,0,0,0,1,0,0,0,0,4,2,2,1,0,0.5,0,0.5,1,0,180,2,45,90,180,0,0.5,-1,-1,-1,1,2018,0.00,0,0,46,0.00,0.00,0,0,0.00,0,0,0.00,0,0.00,0.00,0.00,0,0.00,0.00,0.00,0.00,0,0.00,0.00,0.00,0.00,0.00,0.00,0.00,0.00,0.00,0.00,0.00,0.00,0.00,0.00,0.00,0.00,0.00,0.00,0.00,0,0,,0,0.00,11,0,0.00,20,0,0.00,14,0,0,2,6,0.00,99,0,0,0.00,8,0,32,0.00,15,0,0.00,99,0,0.00,0,0,0.00,0,0.00,9,0,0.00,9,0,0.00,0.00,0,0.00,0,0,0,0.00,0,0,0.00,0,6,0.00,0,N/A,N/A,N/A,N/A,0.00,0,0.00,0,0.00,0.00,0.00,20,0,99,0.00,0.00,0,12,12,0,0,0,0.00,0.00,0,29,0.00,0.00,0.00,0,0,0.00,0.00,99,0.00,0,0,0,0.00,0.00,0,0.00,0.00,0.00,0.00,0,0,0.00,44,N/A,0,2,1,48,7,0.00,0,0.00,0.00,0.00,15,0.00,0.00,3,0,0.00,0.00,0.00,0.00,6,0,0.00,14,0,3,69,0,45,3,0,0.00,99,0,0.00,0.00,0.00,0.00,0,0,1,0,0.00,0.00,0.00,0,0.00,99,0,0.00,0,0.00,99,0,0.00,0.00,32,0,3,23,14,0,0,0,0,0,89,96,60,99,0,N/A,N/A,4,22,94,1,0,17,10,N/A
Lionel Messi,37,551516400,1987/06/24,International Friendlies,2018,Forward,Argentina,90,90,0,Argentina,1,1,0,3,3,0,1,1,0,1,0,1,1,0,0,0,0,0,0,4,1,3,3,0,30,0,0,90,0,90,0,-1,-1,-1,1,2018,N/A,N/A,N/A,N/A,N/A,N/A,N/A,N/A,N/A,N/A,N/A,N/A,N/A,N/A,N/A,N/A,N/A,N/A,N/A,N/A,N/A,N/A,N/A,N/A,N/A,N/A,N/A,N/A,N/A,N/A,N/A,N/A,N/A,N/A,N/A,N/A,N/A,N/A,N/A,N/A,N/A,N/A,N/A,N/A,N/A,N/A,N/A,N/A,N/A,N/A,N/A,N/A,N/A,N/A,N/A,N/A,N/A,N/A,N/A,N/A,N/A,N/A,N/A,N/A,N/A,N/A,N/A,N/A,N/A,N/A,N/A,N/A,N/A,N/A,N/A,N/A,N/A,N/A,N/A,N/A,N/A,N/A,N/A,N/A,N/A,N/A,N/A,N/A,N/A,N/A,N/A,N/A,N/A,N/A,N/A,N/A,N/A,N/A,N/A,N/A,N/A,N/A,N/A,N/A,N/A,N/A,N/A,N/A,N/A,N/A,N/A,N/A,N/A,N/A,N/A,N/A,N/A,N/A,N/A,N/A,N/A,N/A,N/A,N/A,N/A,N/A,N/A,N/A,N/A,N/A,N/A,N/A,N/A,N/A,N/A,N/A,N/A,N/A,N/A,N/A,N/A,N/A,N/A,N/A,N/A,N/A,N/A,N/A,N/A,N/A,N/A,N/A,N/A,N/A,N/A,N/A,N/A,N/A,N/A,N/A,N/A,N/A,N/A,N/A,N/A,N/A,N/A,N/A,N/A,N/A,N/A,N/A,N/A,N/A,N/A,N/A,N/A,N/A,N/A,N/A,N/A,N/A,N/A,N/A,N/A,N/A,N/A,N/A,N/A,N/A,N/A,N/A,N/A,N/A,N/A,N/A,N/A,N/A,N/A,N/A,N/A,N/A,N/A,N/A,N/A,N/A,N/A,N/A,N/A,N/A,N/A,N/A,N/A,N/A,N/A,N/A,N/A,N/A,N/A,N/A,N/A,N/A,N/A,N/A,N/A,N/A,N/A
Lionel Messi,37,551516400,1987/06/24,Copa del Rey,2017/2018,Forward,FC Barcelona,509,239,270,Argentina,6,3,3,4,3,1,4,2,2,0,1,5,3,2,1,0,1,1,0,1.41,0.71,0.71,1.13,0.33,127,0.18,509,85,509,127,0.18,5,1,-1,2,2018,N/A,N/A,N/A,N/A,N/A,N/A,N/A,N/A,N/A,N/A,N/A,N/A,N/A,N/A,N/A,N/A,N/A,N/A,N/A,N/A,N/A,N/A,N/A,N/A,N/A,N/A,N/A,N/A,N/A,N/A,N/A,N/A,N/A,N/A,N/A,N/A,N/A,N/A,N/A,N/A,N/A,N/A,N/A,N/A,N/A,N/A,N/A,N/A,N/A,N/A,N/A,N/A,N/A,N/A,N/A,N/A,N/A,N/A,N/A,N/A,N/A,N/A,N/A,N/A,N/A,N/A,N/A,N/A,N/A,N/A,N/A,N/A,N/A,N/A,N/A,N/A,N/A,N/A,N/A,N/A,N/A,N/A,N/A,N/A,N/A,N/A,N/A,N/A,N/A,N/A,N/A,N/A,N/A,N/A,N/A,N/A,N/A,N/A,N/A,N/A,N/A,N/A,N/A,N/A,N/A,N/A,N/A,N/A,N/A,N/A,N/A,N/A,N/A,N/A,N/A,N/A,N/A,N/A,N/A,N/A,N/A,N/A,N/A,N/A,N/A,N/A,N/A,N/A,N/A,N/A,N/A,N/A,N/A,N/A,N/A,N/A,N/A,N/A,N/A,N/A,N/A,N/A,N/A,N/A,N/A,N/A,N/A,N/A,N/A,N/A,N/A,N/A,N/A,N/A,N/A,N/A,N/A,N/A,N/A,N/A,N/A,N/A,N/A,N/A,N/A,N/A,N/A,N/A,N/A,N/A,N/A,N/A,N/A,N/A,N/A,N/A,N/A,N/A,N/A,N/A,N/A,N/A,N/A,N/A,N/A,N/A,N/A,N/A,N/A,N/A,N/A,N/A,N/A,N/A,N/A,N/A,N/A,N/A,N/A,N/A,N/A,N/A,N/A,N/A,N/A,N/A,N/A,N/A,N/A,N/A,N/A,N/A,N/A,N/A,N/A,N/A,N/A,N/A,N/A,N/A,N/A,N/A,N/A,N/A,N/A,N/A,N/A
Lionel Messi,37,551516400,1987/06/24,La Liga,2017/2018,Forward,FC Barcelona,2996,1643,1353,Argentina,36,19,17,34,21,13,12,5,7,2,2,18,10,8,21,11,10,3,0,1.38,0.36,1.02,1.15,0.86,88,0.63,143,83,999,250,0.09,1,9,-1,1,2018,N/A,N/A,N/A,N/A,N/A,N/A,N/A,N/A,N/A,N/A,N/A,N/A,N/A,N/A,N/A,N/A,N/A,N/A,N/A,N/A,N/A,N/A,N/A,N/A,N/A,N/A,N/A,N/A,N/A,N/A,N/A,N/A,N/A,N/A,N/A,N/A,N/A,N/A,N/A,N/A,N/A,N/A,N/A,N/A,N/A,N/A,N/A,N/A,N/A,N/A,N/A,N/A,N/A,N/A,N/A,N/A,N/A,N/A,N/A,N/A,N/A,N/A,N/A,N/A,N/A,N/A,N/A,N/A,N/A,N/A,N/A,N/A,N/A,N/A,N/A,N/A,N/A,N/A,N/A,N/A,N/A,N/A,N/A,N/A,N/A,N/A,N/A,N/A,N/A,N/A,N/A,N/A,N/A,N/A,N/A,N/A,N/A,N/A,N/A,N/A,N/A,N/A,N/A,N/A,N/A,N/A,N/A,N/A,N/A,N/A,N/A,N/A,N/A,N/A,N/A,N/A,N/A,N/A,N/A,N/A,N/A,N/A,N/A,N/A,N/A,N/A,N/A,N/A,N/A,N/A,N/A,N/A,N/A,N/A,N/A,N/A,N/A,N/A,N/A,N/A,N/A,N/A,N/A,N/A,N/A,N/A,N/A,N/A,N/A,N/A,N/A,N/A,N/A,N/A,N/A,N/A,N/A,N/A,N/A,N/A,N/A,N/A,N/A,N/A,N/A,N/A,N/A,N/A,N/A,N/A,N/A,N/A,N/A,N/A,N/A,N/A,N/A,N/A,N/A,N/A,N/A,N/A,N/A,N/A,N/A,N/A,N/A,N/A,N/A,N/A,N/A,N/A,N/A,N/A,N/A,N/A,N/A,N/A,N/A,N/A,N/A,N/A,N/A,N/A,N/A,N/A,N/A,N/A,N/A,N/A,N/A,N/A,N/A,N/A,N/A,N/A,N/A,N/A,N/A,N/A,N/A,N/A,N/A,N/A,N/A,N/A,N/A
Lionel Messi,35,551516400,1987/06/24,FIFA World Cup 2018 Russia,2018,Forward,Argentina,360,180,180,Argentina,4,2,2,1,0,1,2,0,2,0,1,0,0,0,8,3,5,1,0,0.75,0.5,0.25,0,0.5,360,2,45,90,360,180,0.25,37,3,-1,5,2018,N/A,N/A,N/A,N/A,N/A,N/A,N/A,N/A,N/A,N/A,N/A,N/A,N/A,N/A,N/A,N/A,N/A,N/A,N/A,N/A,N/A,N/A,N/A,N/A,N/A,N/A,N/A,N/A,N/A,N/A,N/A,N/A,N/A,N/A,N/A,N/A,N/A,N/A,N/A,N/A,N/A,N/A,N/A,N/A,N/A,N/A,N/A,N/A,N/A,N/A,N/A,N/A,N/A,N/A,N/A,N/A,N/A,N/A,N/A,N/A,N/A,N/A,N/A,N/A,N/A,N/A,N/A,N/A,N/A,N/A,N/A,N/A,N/A,N/A,N/A,N/A,N/A,N/A,N/A,N/A,N/A,N/A,N/A,N/A,N/A,N/A,N/A,N/A,N/A,N/A,N/A,N/A,N/A,N/A,N/A,N/A,N/A,N/A,N/A,N/A,N/A,N/A,N/A,N/A,N/A,N/A,N/A,N/A,N/A,N/A,N/A,N/A,N/A,N/A,N/A,N/A,N/A,N/A,N/A,N/A,N/A,N/A,N/A,N/A,N/A,N/A,N/A,N/A,N/A,N/A,N/A,N/A,N/A,N/A,N/A,N/A,N/A,N/A,N/A,N/A,N/A,N/A,N/A,N/A,N/A,N/A,N/A,N/A,N/A,N/A,N/A,N/A,N/A,N/A,N/A,N/A,N/A,N/A,N/A,N/A,N/A,N/A,N/A,N/A,N/A,N/A,N/A,N/A,N/A,N/A,N/A,N/A,N/A,N/A,N/A,N/A,N/A,N/A,N/A,N/A,N/A,N/A,N/A,N/A,N/A,N/A,N/A,N/A,N/A,N/A,N/A,N/A,N/A,N/A,N/A,N/A,N/A,N/A,N/A,N/A,N/A,N/A,N/A,N/A,N/A,N/A,N/A,N/A,N/A,N/A,N/A,N/A,N/A,N/A,N/A,N/A,N/A,N/A,N/A,N/A,N/A,N/A,N/A,N/A,N/A,N/A,N/A
Lionel Messi,35,551516400,1987/06/24,WC Qualification South America,2016/2018,Forward,Argentina,900,540,360,Argentina,10,6,4,7,4,3,2,2,0,2,0,6,5,1,6,1,5,0,0,0.9,0.2,0.7,0.67,0.75,129,0.6,150,90,0,450,0,3,37,-1,1,2018,N/A,N/A,N/A,N/A,N/A,N/A,N/A,N/A,N/A,N/A,N/A,N/A,N/A,N/A,N/A,N/A,N/A,N/A,N/A,N/A,N/A,N/A,N/A,N/A,N/A,N/A,N/A,N/A,N/A,N/A,N/A,N/A,N/A,N/A,N/A,N/A,N/A,N/A,N/A,N/A,N/A,N/A,N/A,N/A,N/A,N/A,N/A,N/A,N/A,N/A,N/A,N/A,N/A,N/A,N/A,N/A,N/A,N/A,N/A,N/A,N/A,N/A,N/A,N/A,N/A,N/A,N/A,N/A,N/A,N/A,N/A,N/A,N/A,N/A,N/A,N/A,N/A,N/A,N/A,N/A,N/A,N/A,N/A,N/A,N/A,N/A,N/A,N/A,N/A,N/A,N/A,N/A,N/A,N/A,N/A,N/A,N/A,N/A,N/A,N/A,N/A,N/A,N/A,N/A,N/A,N/A,N/A,N/A,N/A,N/A,N/A,N/A,N/A,N/A,N/A,N/A,N/A,N/A,N/A,N/A,N/A,N/A,N/A,N/A,N/A,N/A,N/A,N/A,N/A,N/A,N/A,N/A,N/A,N/A,N/A,N/A,N/A,N/A,N/A,N/A,N/A,N/A,N/A,N/A,N/A,N/A,N/A,N/A,N/A,N/A,N/A,N/A,N/A,N/A,N/A,N/A,N/A,N/A,N/A,N/A,N/A,N/A,N/A,N/A,N/A,N/A,N/A,N/A,N/A,N/A,N/A,N/A,N/A,N/A,N/A,N/A,N/A,N/A,N/A,N/A,N/A,N/A,N/A,N/A,N/A,N/A,N/A,N/A,N/A,N/A,N/A,N/A,N/A,N/A,N/A,N/A,N/A,N/A,N/A,N/A,N/A,N/A,N/A,N/A,N/A,N/A,N/A,N/A,N/A,N/A,N/A,N/A,N/A,N/A,N/A,N/A,N/A,N/A,N/A,N/A,N/A,N/A,N/A,N/A,N/A,N/A,N/A
Lionel Messi,35,551516400,1987/06/24,UEFA Champions League,2017/2018,Forward,FC Barcelona,783,389,394,Argentina,10,5,5,6,5,1,2,2,0,0,0,6,3,3,6,2,4,2,0,0.92,0.23,0.69,1.16,0.23,131,0.69,131,78,392,392,0.23,27,92,-1,1,2018,N/A,N/A,N/A,N/A,N/A,N/A,N/A,N/A,N/A,N/A,N/A,N/A,N/A,N/A,N/A,N/A,N/A,N/A,N/A,N/A,N/A,N/A,N/A,N/A,N/A,N/A,N/A,N/A,N/A,N/A,N/A,N/A,N/A,N/A,N/A,N/A,N/A,N/A,N/A,N/A,N/A,N/A,N/A,N/A,N/A,N/A,N/A,N/A,N/A,N/A,N/A,N/A,N/A,N/A,N/A,N/A,N/A,N/A,N/A,N/A,N/A,N/A,N/A,N/A,N/A,N/A,N/A,N/A,N/A,N/A,N/A,N/A,N/A,N/A,N/A,N/A,N/A,N/A,N/A,N/A,N/A,N/A,N/A,N/A,N/A,N/A,N/A,N/A,N/A,N/A,N/A,N/A,N/A,N/A,N/A,N/A,N/A,N/A,N/A,N/A,N/A,N/A,N/A,N/A,N/A,N/A,N/A,N/A,N/A,N/A,N/A,N/A,N/A,N/A,N/A,N/A,N/A,N/A,N/A,N/A,N/A,N/A,N/A,N/A,N/A,N/A,N/A,N/A,N/A,N/A,N/A,N/A,N/A,N/A,N/A,N/A,N/A,N/A,N/A,N/A,N/A,N/A,N/A,N/A,N/A,N/A,N/A,N/A,N/A,N/A,N/A,N/A,N/A,N/A,N/A,N/A,N/A,N/A,N/A,N/A,N/A,N/A,N/A,N/A,N/A,N/A,N/A,N/A,N/A,N/A,N/A,N/A,N/A,N/A,N/A,N/A,N/A,N/A,N/A,N/A,N/A,N/A,N/A,N/A,N/A,N/A,N/A,N/A,N/A,N/A,N/A,N/A,N/A,N/A,N/A,N/A,N/A,N/A,N/A,N/A,N/A,N/A,N/A,N/A,N/A,N/A,N/A,N/A,N/A,N/A,N/A,N/A,N/A,N/A,N/A,N/A,N/A,N/A,N/A,N/A,N/A,N/A,N/A,N/A,N/A,N/A,N/A
Lionel Messi,37,551516400,1987/06/24,La Liga,2016/2017,Forward,FC Barcelona,2832,1392,1440,Argentina,34,18,16,37,23,14,9,5,4,6,1,11,6,5,28,14,14,6,0,1.46,0.29,1.18,1.49,0.88,77,0.89,101,83,472,315,0.19,1,24,-1,1,2017,N/A,N/A,N/A,N/A,N/A,N/A,N/A,N/A,N/A,N/A,N/A,N/A,N/A,N/A,N/A,N/A,N/A,N/A,N/A,N/A,N/A,N/A,N/A,N/A,N/A,N/A,N/A,N/A,N/A,N/A,N/A,N/A,N/A,N/A,N/A,N/A,N/A,N/A,N/A,N/A,N/A,N/A,N/A,N/A,N/A,N/A,N/A,N/A,N/A,N/A,N/A,N/A,N/A,N/A,N/A,N/A,N/A,N/A,N/A,N/A,N/A,N/A,N/A,N/A,N/A,N/A,N/A,N/A,N/A,N/A,N/A,N/A,N/A,N/A,N/A,N/A,N/A,N/A,N/A,N/A,N/A,N/A,N/A,N/A,N/A,N/A,N/A,N/A,N/A,N/A,N/A,N/A,N/A,N/A,N/A,N/A,N/A,N/A,N/A,N/A,N/A,N/A,N/A,N/A,N/A,N/A,N/A,N/A,N/A,N/A,N/A,N/A,N/A,N/A,N/A,N/A,N/A,N/A,N/A,N/A,N/A,N/A,N/A,N/A,N/A,N/A,N/A,N/A,N/A,N/A,N/A,N/A,N/A,N/A,N/A,N/A,N/A,N/A,N/A,N/A,N/A,N/A,N/A,N/A,N/A,N/A,N/A,N/A,N/A,N/A,N/A,N/A,N/A,N/A,N/A,N/A,N/A,N/A,N/A,N/A,N/A,N/A,N/A,N/A,N/A,N/A,N/A,N/A,N/A,N/A,N/A,N/A,N/A,N/A,N/A,N/A,N/A,N/A,N/A,N/A,N/A,N/A,N/A,N/A,N/A,N/A,N/A,N/A,N/A,N/A,N/A,N/A,N/A,N/A,N/A,N/A,N/A,N/A,N/A,N/A,N/A,N/A,N/A,N/A,N/A,N/A,N/A,N/A,N/A,N/A,N/A,N/A,N/A,N/A,N/A,N/A,N/A,N/A,N/A,N/A,N/A,N/A,N/A,N/A,N/A,N/A,N/A
Lionel Messi,37,551516400,1987/06/24,UEFA Champions League,2016/2017,Forward,FC Barcelona,810,450,360,Argentina,9,5,4,11,8,3,2,2,0,2,0,5,4,1,11,1,10,0,0,1.44,0.22,1.22,1.6,0.75,74,1.22,74,90,0,405,0,3,91,-1,1,2017,N/A,N/A,N/A,N/A,N/A,N/A,N/A,N/A,N/A,N/A,N/A,N/A,N/A,N/A,N/A,N/A,N/A,N/A,N/A,N/A,N/A,N/A,N/A,N/A,N/A,N/A,N/A,N/A,N/A,N/A,N/A,N/A,N/A,N/A,N/A,N/A,N/A,N/A,N/A,N/A,N/A,N/A,N/A,N/A,N/A,N/A,N/A,N/A,N/A,N/A,N/A,N/A,N/A,N/A,N/A,N/A,N/A,N/A,N/A,N/A,N/A,N/A,N/A,N/A,N/A,N/A,N/A,N/A,N/A,N/A,N/A,N/A,N/A,N/A,N/A,N/A,N/A,N/A,N/A,N/A,N/A,N/A,N/A,N/A,N/A,N/A,N/A,N/A,N/A,N/A,N/A,N/A,N/A,N/A,N/A,N/A,N/A,N/A,N/A,N/A,N/A,N/A,N/A,N/A,N/A,N/A,N/A,N/A,N/A,N/A,N/A,N/A,N/A,N/A,N/A,N/A,N/A,N/A,N/A,N/A,N/A,N/A,N/A,N/A,N/A,N/A,N/A,N/A,N/A,N/A,N/A,N/A,N/A,N/A,N/A,N/A,N/A,N/A,N/A,N/A,N/A,N/A,N/A,N/A,N/A,N/A,N/A,N/A,N/A,N/A,N/A,N/A,N/A,N/A,N/A,N/A,N/A,N/A,N/A,N/A,N/A,N/A,N/A,N/A,N/A,N/A,N/A,N/A,N/A,N/A,N/A,N/A,N/A,N/A,N/A,N/A,N/A,N/A,N/A,N/A,N/A,N/A,N/A,N/A,N/A,N/A,N/A,N/A,N/A,N/A,N/A,N/A,N/A,N/A,N/A,N/A,N/A,N/A,N/A,N/A,N/A,N/A,N/A,N/A,N/A,N/A,N/A,N/A,N/A,N/A,N/A,N/A,N/A,N/A,N/A,N/A,N/A,N/A,N/A,N/A,N/A,N/A,N/A,N/A,N/A,N/A,N/A
Lionel Messi,36,551516400,1987/06/24,Supercopa de Espana,2016/2017,Forward,FC Barcelona,180,90,90,Argentina,2,1,1,1,1,0,2,1,1,0,0,2,1,1,0,0,0,0,0,1.5,1,0.5,1,0,180,0,0,90,0,90,0,-1,-1,-1,2,2017,0.00,0,0,99,0.00,0.00,0,0,0.00,0,0,0.00,0,0.00,0.00,0.00,0,0.00,0.00,0.00,0.00,0,0.00,0.00,0.00,0.00,0.00,0.00,0.00,0.00,0.00,0.00,0.00,0.00,0.00,0.00,0.00,0.00,0.00,0.00,0.00,0,0,,0,0.00,11,0,0.00,20,0,0.00,14,0,0,2,6,0.00,99,0,0,0.00,8,0,32,0.00,15,0,0.00,99,0,0.00,0,0,0.00,0,0.00,9,0,0.00,9,0,0.00,0.00,0,0.00,0,0,0,0.00,0,0,0.00,0,99,0.00,0,N/A,N/A,N/A,N/A,0.00,0,0.00,0,0.00,0.00,0.00,20,0,99,0.00,0.00,0,12,12,0,0,0,0.00,0.00,0,29,0.00,0.00,0.00,0,0,0.00,0.00,99,0.00,0,0,0,0.00,0.00,0,0.00,0.00,0.00,0.00,0,0,0.00,44,N/A,0,2,1,48,1,0.00,0,0.00,0.00,0.00,15,0.00,0.00,3,0,0.00,0.00,0.00,0.00,6,0,0.00,14,0,3,69,0,45,3,0,0.00,99,0,0.00,0.00,0.00,0.00,0,0,1,0,0.00,0.00,0.00,0,0.00,99,0,0.00,0,0.00,99,0,0.00,0.00,32,0,3,23,14,0,0,0,0,0,99,96,60,99,0,N/A,N/A,99,16,16,0,0,17,10,N/A
Lionel Messi,35,551516400,1987/06/24,International Champions Cup,2017,Forward,FC Barcelona,155,46,109,Argentina,3,1,2,1,0,1,1,0,1,0,0,1,1,0,2,0,2,0,0,1.16,0.58,0.58,0,0.83,155,1.16,78,52,0,155,0,-1,-1,-1,4,2017,N/A,N/A,N/A,N/A,N/A,N/A,N/A,N/A,N/A,N/A,N/A,N/A,N/A,N/A,N/A,N/A,N/A,N/A,N/A,N/A,N/A,N/A,N/A,N/A,N/A,N/A,N/A,N/A,N/A,N/A,N/A,N/A,N/A,N/A,N/A,N/A,N/A,N/A,N/A,N/A,N/A,N/A,N/A,N/A,N/A,N/A,N/A,N/A,N/A,N/A,N/A,N/A,N/A,N/A,N/A,N/A,N/A,N/A,N/A,N/A,N/A,N/A,N/A,N/A,N/A,N/A,N/A,N/A,N/A,N/A,N/A,N/A,N/A,N/A,N/A,N/A,N/A,N/A,N/A,N/A,N/A,N/A,N/A,N/A,N/A,N/A,N/A,N/A,N/A,N/A,N/A,N/A,N/A,N/A,N/A,N/A,N/A,N/A,N/A,N/A,N/A,N/A,N/A,N/A,N/A,N/A,N/A,N/A,N/A,N/A,N/A,N/A,N/A,N/A,N/A,N/A,N/A,N/A,N/A,N/A,N/A,N/A,N/A,N/A,N/A,N/A,N/A,N/A,N/A,N/A,N/A,N/A,N/A,N/A,N/A,N/A,N/A,N/A,N/A,N/A,N/A,N/A,N/A,N/A,N/A,N/A,N/A,N/A,N/A,N/A,N/A,N/A,N/A,N/A,N/A,N/A,N/A,N/A,N/A,N/A,N/A,N/A,N/A,N/A,N/A,N/A,N/A,N/A,N/A,N/A,N/A,N/A,N/A,N/A,N/A,N/A,N/A,N/A,N/A,N/A,N/A,N/A,N/A,N/A,N/A,N/A,N/A,N/A,N/A,N/A,N/A,N/A,N/A,N/A,N/A,N/A,N/A,N/A,N/A,N/A,N/A,N/A,N/A,N/A,N/A,N/A,N/A,N/A,N/A,N/A,N/A,N/A,N/A,N/A,N/A,N/A,N/A,N/A,N/A,N/A,N/A,N/A,N/A,N/A,N/A,N/A,N/A
Lionel Messi,35,551516400,1987/06/24,Copa del Rey,2016/2017,Forward,FC Barcelona,630,360,270,Argentina,7,4,3,5,3,2,3,3,0,1,0,1,0,1,8,5,3,3,0,1.14,0.43,0.71,0.75,0.67,126,1.14,79,90,210,210,0.43,7,8,-1,1,2017,N/A,N/A,N/A,N/A,N/A,N/A,N/A,N/A,N/A,N/A,N/A,N/A,N/A,N/A,N/A,N/A,N/A,N/A,N/A,N/A,N/A,N/A,N/A,N/A,N/A,N/A,N/A,N/A,N/A,N/A,N/A,N/A,N/A,N/A,N/A,N/A,N/A,N/A,N/A,N/A,N/A,N/A,N/A,N/A,N/A,N/A,N/A,N/A,N/A,N/A,N/A,N/A,N/A,N/A,N/A,N/A,N/A,N/A,N/A,N/A,N/A,N/A,N/A,N/A,N/A,N/A,N/A,N/A,N/A,N/A,N/A,N/A,N/A,N/A,N/A,N/A,N/A,N/A,N/A,N/A,N/A,N/A,N/A,N/A,N/A,N/A,N/A,N/A,N/A,N/A,N/A,N/A,N/A,N/A,N/A,N/A,N/A,N/A,N/A,N/A,N/A,N/A,N/A,N/A,N/A,N/A,N/A,N/A,N/A,N/A,N/A,N/A,N/A,N/A,N/A,N/A,N/A,N/A,N/A,N/A,N/A,N/A,N/A,N/A,N/A,N/A,N/A,N/A,N/A,N/A,N/A,N/A,N/A,N/A,N/A,N/A,N/A,N/A,N/A,N/A,N/A,N/A,N/A,N/A,N/A,N/A,N/A,N/A,N/A,N/A,N/A,N/A,N/A,N/A,N/A,N/A,N/A,N/A,N/A,N/A,N/A,N/A,N/A,N/A,N/A,N/A,N/A,N/A,N/A,N/A,N/A,N/A,N/A,N/A,N/A,N/A,N/A,N/A,N/A,N/A,N/A,N/A,N/A,N/A,N/A,N/A,N/A,N/A,N/A,N/A,N/A,N/A,N/A,N/A,N/A,N/A,N/A,N/A,N/A,N/A,N/A,N/A,N/A,N/A,N/A,N/A,N/A,N/A,N/A,N/A,N/A,N/A,N/A,N/A,N/A,N/A,N/A,N/A,N/A,N/A,N/A,N/A,N/A,N/A,N/A,N/A,N/A
Lionel Messi,37,551516400,1987/06/24,International Friendlies,2017,Forward,Argentina,180,0,180,Argentina,2,0,2,0,0,0,0,0,0,0,0,2,0,2,0,0,0,0,0,0,0,0,0,0,0,0,0,90,0,0,0,-1,-1,-1,33,2017,N/A,N/A,N/A,N/A,N/A,N/A,N/A,N/A,N/A,N/A,N/A,N/A,N/A,N/A,N/A,N/A,N/A,N/A,N/A,N/A,N/A,N/A,N/A,N/A,N/A,N/A,N/A,N/A,N/A,N/A,N/A,N/A,N/A,N/A,N/A,N/A,N/A,N/A,N/A,N/A,N/A,N/A,N/A,N/A,N/A,N/A,N/A,N/A,N/A,N/A,N/A,N/A,N/A,N/A,N/A,N/A,N/A,N/A,N/A,N/A,N/A,N/A,N/A,N/A,N/A,N/A,N/A,N/A,N/A,N/A,N/A,N/A,N/A,N/A,N/A,N/A,N/A,N/A,N/A,N/A,N/A,N/A,N/A,N/A,N/A,N/A,N/A,N/A,N/A,N/A,N/A,N/A,N/A,N/A,N/A,N/A,N/A,N/A,N/A,N/A,N/A,N/A,N/A,N/A,N/A,N/A,N/A,N/A,N/A,N/A,N/A,N/A,N/A,N/A,N/A,N/A,N/A,N/A,N/A,N/A,N/A,N/A,N/A,N/A,N/A,N/A,N/A,N/A,N/A,N/A,N/A,N/A,N/A,N/A,N/A,N/A,N/A,N/A,N/A,N/A,N/A,N/A,N/A,N/A,N/A,N/A,N/A,N/A,N/A,N/A,N/A,N/A,N/A,N/A,N/A,N/A,N/A,N/A,N/A,N/A,N/A,N/A,N/A,N/A,N/A,N/A,N/A,N/A,N/A,N/A,N/A,N/A,N/A,N/A,N/A,N/A,N/A,N/A,N/A,N/A,N/A,N/A,N/A,N/A,N/A,N/A,N/A,N/A,N/A,N/A,N/A,N/A,N/A,N/A,N/A,N/A,N/A,N/A,N/A,N/A,N/A,N/A,N/A,N/A,N/A,N/A,N/A,N/A,N/A,N/A,N/A,N/A,N/A,N/A,N/A,N/A,N/A,N/A,N/A,N/A,N/A,N/A,N/A,N/A,N/A,N/A,N/A
Lionel Messi,35,551516400,1987/06/24,UEFA Champions League,2015/2016,Forward,FC Barcelona,630,270,360,Argentina,7,3,4,6,3,3,1,1,0,1,0,1,0,1,6,2,4,1,0,1,0.14,0.86,1,0.75,105,0.86,105,90,630,630,0.14,11,149,-1,2,2016,N/A,N/A,N/A,N/A,N/A,N/A,N/A,N/A,N/A,N/A,N/A,N/A,N/A,N/A,N/A,N/A,N/A,N/A,N/A,N/A,N/A,N/A,N/A,N/A,N/A,N/A,N/A,N/A,N/A,N/A,N/A,N/A,N/A,N/A,N/A,N/A,N/A,N/A,N/A,N/A,N/A,N/A,N/A,N/A,N/A,N/A,N/A,N/A,N/A,N/A,N/A,N/A,N/A,N/A,N/A,N/A,N/A,N/A,N/A,N/A,N/A,N/A,N/A,N/A,N/A,N/A,N/A,N/A,N/A,N/A,N/A,N/A,N/A,N/A,N/A,N/A,N/A,N/A,N/A,N/A,N/A,N/A,N/A,N/A,N/A,N/A,N/A,N/A,N/A,N/A,N/A,N/A,N/A,N/A,N/A,N/A,N/A,N/A,N/A,N/A,N/A,N/A,N/A,N/A,N/A,N/A,N/A,N/A,N/A,N/A,N/A,N/A,N/A,N/A,N/A,N/A,N/A,N/A,N/A,N/A,N/A,N/A,N/A,N/A,N/A,N/A,N/A,N/A,N/A,N/A,N/A,N/A,N/A,N/A,N/A,N/A,N/A,N/A,N/A,N/A,N/A,N/A,N/A,N/A,N/A,N/A,N/A,N/A,N/A,N/A,N/A,N/A,N/A,N/A,N/A,N/A,N/A,N/A,N/A,N/A,N/A,N/A,N/A,N/A,N/A,N/A,N/A,N/A,N/A,N/A,N/A,N/A,N/A,N/A,N/A,N/A,N/A,N/A,N/A,N/A,N/A,N/A,N/A,N/A,N/A,N/A,N/A,N/A,N/A,N/A,N/A,N/A,N/A,N/A,N/A,N/A,N/A,N/A,N/A,N/A,N/A,N/A,N/A,N/A,N/A,N/A,N/A,N/A,N/A,N/A,N/A,N/A,N/A,N/A,N/A,N/A,N/A,N/A,N/A,N/A,N/A,N/A,N/A,N/A,N/A,N/A,N/A
Lionel Messi,37,551516400,1987/06/24,International Friendlies,2016,Forward,Argentina,64,64,0,Argentina,1,1,0,0,0,0,0,0,0,0,0,1,1,0,0,0,0,0,0,0,0,0,0,0,0,0,0,64,0,0,0,-1,-1,-1,3,2016,N/A,N/A,N/A,N/A,N/A,N/A,N/A,N/A,N/A,N/A,N/A,N/A,N/A,N/A,N/A,N/A,N/A,N/A,N/A,N/A,N/A,N/A,N/A,N/A,N/A,N/A,N/A,N/A,N/A,N/A,N/A,N/A,N/A,N/A,N/A,N/A,N/A,N/A,N/A,N/A,N/A,N/A,N/A,N/A,N/A,N/A,N/A,N/A,N/A,N/A,N/A,N/A,N/A,N/A,N/A,N/A,N/A,N/A,N/A,N/A,N/A,N/A,N/A,N/A,N/A,N/A,N/A,N/A,N/A,N/A,N/A,N/A,N/A,N/A,N/A,N/A,N/A,N/A,N/A,N/A,N/A,N/A,N/A,N/A,N/A,N/A,N/A,N/A,N/A,N/A,N/A,N/A,N/A,N/A,N/A,N/A,N/A,N/A,N/A,N/A,N/A,N/A,N/A,N/A,N/A,N/A,N/A,N/A,N/A,N/A,N/A,N/A,N/A,N/A,N/A,N/A,N/A,N/A,N/A,N/A,N/A,N/A,N/A,N/A,N/A,N/A,N/A,N/A,N/A,N/A,N/A,N/A,N/A,N/A,N/A,N/A,N/A,N/A,N/A,N/A,N/A,N/A,N/A,N/A,N/A,N/A,N/A,N/A,N/A,N/A,N/A,N/A,N/A,N/A,N/A,N/A,N/A,N/A,N/A,N/A,N/A,N/A,N/A,N/A,N/A,N/A,N/A,N/A,N/A,N/A,N/A,N/A,N/A,N/A,N/A,N/A,N/A,N/A,N/A,N/A,N/A,N/A,N/A,N/A,N/A,N/A,N/A,N/A,N/A,N/A,N/A,N/A,N/A,N/A,N/A,N/A,N/A,N/A,N/A,N/A,N/A,N/A,N/A,N/A,N/A,N/A,N/A,N/A,N/A,N/A,N/A,N/A,N/A,N/A,N/A,N/A,N/A,N/A,N/A,N/A,N/A,N/A,N/A,N/A,N/A,N/A,N/A
Lionel Messi,35,551516400,1987/06/24,Copa del Rey,2015/2016,Forward,FC Barcelona,450,360,90,Argentina,5,4,1,5,5,0,3,3,0,0,0,3,2,1,2,2,0,1,0,1.6,0.6,1,1.25,0,90,0.4,225,90,450,150,0.2,4,2,-1,2,2016,N/A,N/A,N/A,N/A,N/A,N/A,N/A,N/A,N/A,N/A,N/A,N/A,N/A,N/A,N/A,N/A,N/A,N/A,N/A,N/A,N/A,N/A,N/A,N/A,N/A,N/A,N/A,N/A,N/A,N/A,N/A,N/A,N/A,N/A,N/A,N/A,N/A,N/A,N/A,N/A,N/A,N/A,N/A,N/A,N/A,N/A,N/A,N/A,N/A,N/A,N/A,N/A,N/A,N/A,N/A,N/A,N/A,N/A,N/A,N/A,N/A,N/A,N/A,N/A,N/A,N/A,N/A,N/A,N/A,N/A,N/A,N/A,N/A,N/A,N/A,N/A,N/A,N/A,N/A,N/A,N/A,N/A,N/A,N/A,N/A,N/A,N/A,N/A,N/A,N/A,N/A,N/A,N/A,N/A,N/A,N/A,N/A,N/A,N/A,N/A,N/A,N/A,N/A,N/A,N/A,N/A,N/A,N/A,N/A,N/A,N/A,N/A,N/A,N/A,N/A,N/A,N/A,N/A,N/A,N/A,N/A,N/A,N/A,N/A,N/A,N/A,N/A,N/A,N/A,N/A,N/A,N/A,N/A,N/A,N/A,N/A,N/A,N/A,N/A,N/A,N/A,N/A,N/A,N/A,N/A,N/A,N/A,N/A,N/A,N/A,N/A,N/A,N/A,N/A,N/A,N/A,N/A,N/A,N/A,N/A,N/A,N/A,N/A,N/A,N/A,N/A,N/A,N/A,N/A,N/A,N/A,N/A,N/A,N/A,N/A,N/A,N/A,N/A,N/A,N/A,N/A,N/A,N/A,N/A,N/A,N/A,N/A,N/A,N/A,N/A,N/A,N/A,N/A,N/A,N/A,N/A,N/A,N/A,N/A,N/A,N/A,N/A,N/A,N/A,N/A,N/A,N/A,N/A,N/A,N/A,N/A,N/A,N/A,N/A,N/A,N/A,N/A,N/A,N/A,N/A,N/A,N/A,N/A,N/A,N/A,N/A,N/A
Lionel Messi,35,551516400,1987/06/24,International Champions Cup,2016,Forward,FC Barcelona,183,108,75,Argentina,3,2,1,0,0,0,1,1,0,0,0,0,0,0,5,2,3,0,0,0.49,0.49,0,0,0,0,2.46,37,61,0,183,0,-1,-1,-1,23,2016,N/A,N/A,N/A,N/A,N/A,N/A,N/A,N/A,N/A,N/A,N/A,N/A,N/A,N/A,N/A,N/A,N/A,N/A,N/A,N/A,N/A,N/A,N/A,N/A,N/A,N/A,N/A,N/A,N/A,N/A,N/A,N/A,N/A,N/A,N/A,N/A,N/A,N/A,N/A,N/A,N/A,N/A,N/A,N/A,N/A,N/A,N/A,N/A,N/A,N/A,N/A,N/A,N/A,N/A,N/A,N/A,N/A,N/A,N/A,N/A,N/A,N/A,N/A,N/A,N/A,N/A,N/A,N/A,N/A,N/A,N/A,N/A,N/A,N/A,N/A,N/A,N/A,N/A,N/A,N/A,N/A,N/A,N/A,N/A,N/A,N/A,N/A,N/A,N/A,N/A,N/A,N/A,N/A,N/A,N/A,N/A,N/A,N/A,N/A,N/A,N/A,N/A,N/A,N/A,N/A,N/A,N/A,N/A,N/A,N/A,N/A,N/A,N/A,N/A,N/A,N/A,N/A,N/A,N/A,N/A,N/A,N/A,N/A,N/A,N/A,N/A,N/A,N/A,N/A,N/A,N/A,N/A,N/A,N/A,N/A,N/A,N/A,N/A,N/A,N/A,N/A,N/A,N/A,N/A,N/A,N/A,N/A,N/A,N/A,N/A,N/A,N/A,N/A,N/A,N/A,N/A,N/A,N/A,N/A,N/A,N/A,N/A,N/A,N/A,N/A,N/A,N/A,N/A,N/A,N/A,N/A,N/A,N/A,N/A,N/A,N/A,N/A,N/A,N/A,N/A,N/A,N/A,N/A,N/A,N/A,N/A,N/A,N/A,N/A,N/A,N/A,N/A,N/A,N/A,N/A,N/A,N/A,N/A,N/A,N/A,N/A,N/A,N/A,N/A,N/A,N/A,N/A,N/A,N/A,N/A,N/A,N/A,N/A,N/A,N/A,N/A,N/A,N/A,N/A,N/A,N/A,N/A,N/A,N/A,N/A,N/A,N/A
Lionel Messi,36,551516400,1987/06/24,Supercopa de Espana,2015/2016,Forward,FC Barcelona,180,90,90,Argentina,2,1,1,1,1,0,0,0,0,0,0,0,0,0,5,1,4,0,0,0.5,0,0.5,1,0,180,2.5,36,90,0,0,0,-1,-1,-1,1,2016,0.00,0,0,46,0.00,0.00,0,0,0.00,0,0,0.00,0,0.00,0.00,0.00,0,0.00,0.00,0.00,0.00,0,0.00,0.00,0.00,0.00,0.00,0.00,0.00,0.00,0.00,0.00,0.00,0.00,0.00,0.00,0.00,0.00,0.00,0.00,0.00,0,0,,0,0.00,11,0,0.00,20,0,0.00,14,0,0,2,6,0.00,99,0,0,0.00,8,0,32,0.00,15,0,0.00,99,0,0.00,0,0,0.00,0,0.00,9,0,0.00,9,0,0.00,0.00,0,0.00,0,0,0,0.00,0,0,0.00,0,1,0.00,0,N/A,N/A,N/A,N/A,0.00,0,0.00,0,0.00,0.00,0.00,20,0,99,0.00,0.00,0,12,12,0,0,0,0.00,0.00,0,29,0.00,0.00,0.00,0,0,0.00,0.00,99,0.00,0,0,0,0.00,0.00,0,0.00,0.00,0.00,0.00,0,0,0.00,44,N/A,0,2,1,48,2,0.00,0,0.00,0.00,0.00,15,0.00,0.00,3,0,0.00,0.00,0.00,0.00,6,0,0.00,14,0,3,69,0,45,3,0,0.00,99,0,0.00,0.00,0.00,0.00,0,0,1,0,0.00,0.00,0.00,0,0.00,99,0,0.00,0,0.00,99,0,0.00,0.00,32,0,3,23,14,0,0,0,0,0,89,96,60,99,0,N/A,N/A,4,16,16,0,0,17,10,N/A
Lionel Messi,36,551516400,1987/06/24,UEFA Super Cup,2015/2016,Forward,FC Barcelona,90,90,0,Argentina,1,1,0,2,2,0,0,0,0,0,0,0,0,0,4,4,0,0,0,2,0,2,2,0,45,4,23,90,0,0,0,-1,-1,-1,1,2016,N/A,N/A,N/A,N/A,N/A,N/A,N/A,N/A,N/A,N/A,N/A,N/A,N/A,N/A,N/A,N/A,N/A,N/A,N/A,N/A,N/A,N/A,N/A,N/A,N/A,N/A,N/A,N/A,N/A,N/A,N/A,N/A,N/A,N/A,N/A,N/A,N/A,N/A,N/A,N/A,N/A,N/A,N/A,N/A,N/A,N/A,N/A,N/A,N/A,N/A,N/A,N/A,N/A,N/A,N/A,N/A,N/A,N/A,N/A,N/A,N/A,N/A,N/A,N/A,N/A,N/A,N/A,N/A,N/A,N/A,N/A,N/A,N/A,N/A,N/A,N/A,N/A,N/A,N/A,N/A,N/A,N/A,N/A,N/A,N/A,N/A,N/A,N/A,N/A,N/A,N/A,N/A,N/A,N/A,N/A,N/A,N/A,N/A,N/A,N/A,N/A,N/A,N/A,N/A,N/A,N/A,N/A,N/A,N/A,N/A,N/A,N/A,N/A,N/A,N/A,N/A,N/A,N/A,N/A,N/A,N/A,N/A,N/A,N/A,N/A,N/A,N/A,N/A,N/A,N/A,N/A,N/A,N/A,N/A,N/A,N/A,N/A,N/A,N/A,N/A,N/A,N/A,N/A,N/A,N/A,N/A,N/A,N/A,N/A,N/A,N/A,N/A,N/A,N/A,N/A,N/A,N/A,N/A,N/A,N/A,N/A,N/A,N/A,N/A,N/A,N/A,N/A,N/A,N/A,N/A,N/A,N/A,N/A,N/A,N/A,N/A,N/A,N/A,N/A,N/A,N/A,N/A,N/A,N/A,N/A,N/A,N/A,N/A,N/A,N/A,N/A,N/A,N/A,N/A,N/A,N/A,N/A,N/A,N/A,N/A,N/A,N/A,N/A,N/A,N/A,N/A,N/A,N/A,N/A,N/A,N/A,N/A,N/A,N/A,N/A,N/A,N/A,N/A,N/A,N/A,N/A,N/A,N/A,N/A,N/A,N/A,N/A
Lionel Messi,37,551516400,1987/06/24,La Liga,2015/2016,Forward,FC Barcelona,2729,1316,1413,Argentina,33,16,17,26,16,10,16,9,7,3,4,16,8,8,22,10,12,3,0,1.39,0.53,0.86,1.09,0.64,105,0.73,124,83,910,171,0.1,6,2,-1,2,2016,N/A,N/A,N/A,N/A,N/A,N/A,N/A,N/A,N/A,N/A,N/A,N/A,N/A,N/A,N/A,N/A,N/A,N/A,N/A,N/A,N/A,N/A,N/A,N/A,N/A,N/A,N/A,N/A,N/A,N/A,N/A,N/A,N/A,N/A,N/A,N/A,N/A,N/A,N/A,N/A,N/A,N/A,N/A,N/A,N/A,N/A,N/A,N/A,N/A,N/A,N/A,N/A,N/A,N/A,N/A,N/A,N/A,N/A,N/A,N/A,N/A,N/A,N/A,N/A,N/A,N/A,N/A,N/A,N/A,N/A,N/A,N/A,N/A,N/A,N/A,N/A,N/A,N/A,N/A,N/A,N/A,N/A,N/A,N/A,N/A,N/A,N/A,N/A,N/A,N/A,N/A,N/A,N/A,N/A,N/A,N/A,N/A,N/A,N/A,N/A,N/A,N/A,N/A,N/A,N/A,N/A,N/A,N/A,N/A,N/A,N/A,N/A,N/A,N/A,N/A,N/A,N/A,N/A,N/A,N/A,N/A,N/A,N/A,N/A,N/A,N/A,N/A,N/A,N/A,N/A,N/A,N/A,N/A,N/A,N/A,N/A,N/A,N/A,N/A,N/A,N/A,N/A,N/A,N/A,N/A,N/A,N/A,N/A,N/A,N/A,N/A,N/A,N/A,N/A,N/A,N/A,N/A,N/A,N/A,N/A,N/A,N/A,N/A,N/A,N/A,N/A,N/A,N/A,N/A,N/A,N/A,N/A,N/A,N/A,N/A,N/A,N/A,N/A,N/A,N/A,N/A,N/A,N/A,N/A,N/A,N/A,N/A,N/A,N/A,N/A,N/A,N/A,N/A,N/A,N/A,N/A,N/A,N/A,N/A,N/A,N/A,N/A,N/A,N/A,N/A,N/A,N/A,N/A,N/A,N/A,N/A,N/A,N/A,N/A,N/A,N/A,N/A,N/A,N/A,N/A,N/A,N/A,N/A,N/A,N/A,N/A,N/A
Lionel Messi,37,551516400,1987/06/24,International Friendlies,2015,Forward,Argentina,115,115,0,Argentina,2,2,0,3,3,0,0,0,0,0,0,1,1,0,2,2,0,0,0,2.35,0,2.35,2.35,0,38,1.57,58,58,0,0,0,-1,-1,-1,2,2015,N/A,N/A,N/A,N/A,N/A,N/A,N/A,N/A,N/A,N/A,N/A,N/A,N/A,N/A,N/A,N/A,N/A,N/A,N/A,N/A,N/A,N/A,N/A,N/A,N/A,N/A,N/A,N/A,N/A,N/A,N/A,N/A,N/A,N/A,N/A,N/A,N/A,N/A,N/A,N/A,N/A,N/A,N/A,N/A,N/A,N/A,N/A,N/A,N/A,N/A,N/A,N/A,N/A,N/A,N/A,N/A,N/A,N/A,N/A,N/A,N/A,N/A,N/A,N/A,N/A,N/A,N/A,N/A,N/A,N/A,N/A,N/A,N/A,N/A,N/A,N/A,N/A,N/A,N/A,N/A,N/A,N/A,N/A,N/A,N/A,N/A,N/A,N/A,N/A,N/A,N/A,N/A,N/A,N/A,N/A,N/A,N/A,N/A,N/A,N/A,N/A,N/A,N/A,N/A,N/A,N/A,N/A,N/A,N/A,N/A,N/A,N/A,N/A,N/A,N/A,N/A,N/A,N/A,N/A,N/A,N/A,N/A,N/A,N/A,N/A,N/A,N/A,N/A,N/A,N/A,N/A,N/A,N/A,N/A,N/A,N/A,N/A,N/A,N/A,N/A,N/A,N/A,N/A,N/A,N/A,N/A,N/A,N/A,N/A,N/A,N/A,N/A,N/A,N/A,N/A,N/A,N/A,N/A,N/A,N/A,N/A,N/A,N/A,N/A,N/A,N/A,N/A,N/A,N/A,N/A,N/A,N/A,N/A,N/A,N/A,N/A,N/A,N/A,N/A,N/A,N/A,N/A,N/A,N/A,N/A,N/A,N/A,N/A,N/A,N/A,N/A,N/A,N/A,N/A,N/A,N/A,N/A,N/A,N/A,N/A,N/A,N/A,N/A,N/A,N/A,N/A,N/A,N/A,N/A,N/A,N/A,N/A,N/A,N/A,N/A,N/A,N/A,N/A,N/A,N/A,N/A,N/A,N/A,N/A,N/A,N/A,N/A
Lionel Messi,35,551516400,1987/06/24,La Liga,2014/2015,Forward,FC Barcelona,3374,1710,1664,Argentina,38,19,19,43,27,16,18,11,7,5,1,23,10,13,20,11,9,4,0,1.63,0.48,1.15,1.42,0.87,78,0.53,169,89,844,187,0.11,2,6,-1,1,2015,N/A,N/A,N/A,N/A,N/A,N/A,N/A,N/A,N/A,N/A,N/A,N/A,N/A,N/A,N/A,N/A,N/A,N/A,N/A,N/A,N/A,N/A,N/A,N/A,N/A,N/A,N/A,N/A,N/A,N/A,N/A,N/A,N/A,N/A,N/A,N/A,N/A,N/A,N/A,N/A,N/A,N/A,N/A,N/A,N/A,N/A,N/A,N/A,N/A,N/A,N/A,N/A,N/A,N/A,N/A,N/A,N/A,N/A,N/A,N/A,N/A,N/A,N/A,N/A,N/A,N/A,N/A,N/A,N/A,N/A,N/A,N/A,N/A,N/A,N/A,N/A,N/A,N/A,N/A,N/A,N/A,N/A,N/A,N/A,N/A,N/A,N/A,N/A,N/A,N/A,N/A,N/A,N/A,N/A,N/A,N/A,N/A,N/A,N/A,N/A,N/A,N/A,N/A,N/A,N/A,N/A,N/A,N/A,N/A,N/A,N/A,N/A,N/A,N/A,N/A,N/A,N/A,N/A,N/A,N/A,N/A,N/A,N/A,N/A,N/A,N/A,N/A,N/A,N/A,N/A,N/A,N/A,N/A,N/A,N/A,N/A,N/A,N/A,N/A,N/A,N/A,N/A,N/A,N/A,N/A,N/A,N/A,N/A,N/A,N/A,N/A,N/A,N/A,N/A,N/A,N/A,N/A,N/A,N/A,N/A,N/A,N/A,N/A,N/A,N/A,N/A,N/A,N/A,N/A,N/A,N/A,N/A,N/A,N/A,N/A,N/A,N/A,N/A,N/A,N/A,N/A,N/A,N/A,N/A,N/A,N/A,N/A,N/A,N/A,N/A,N/A,N/A,N/A,N/A,N/A,N/A,N/A,N/A,N/A,N/A,N/A,N/A,N/A,N/A,N/A,N/A,N/A,N/A,N/A,N/A,N/A,N/A,N/A,N/A,N/A,N/A,N/A,N/A,N/A,N/A,N/A,N/A,N/A,N/A,N/A,N/A,N/A
Lionel Messi,37,551516400,1987/06/24,UEFA Champions League,2014/2015,Forward,FC Barcelona,1146,516,630,Argentina,13,6,7,10,4,6,5,4,1,0,1,6,4,2,10,1,9,1,0,1.18,0.39,0.79,0.7,0.86,115,0.79,115,88,1146,229,0.08,16,18,-1,1,2015,N/A,N/A,N/A,N/A,N/A,N/A,N/A,N/A,N/A,N/A,N/A,N/A,N/A,N/A,N/A,N/A,N/A,N/A,N/A,N/A,N/A,N/A,N/A,N/A,N/A,N/A,N/A,N/A,N/A,N/A,N/A,N/A,N/A,N/A,N/A,N/A,N/A,N/A,N/A,N/A,N/A,N/A,N/A,N/A,N/A,N/A,N/A,N/A,N/A,N/A,N/A,N/A,N/A,N/A,N/A,N/A,N/A,N/A,N/A,N/A,N/A,N/A,N/A,N/A,N/A,N/A,N/A,N/A,N/A,N/A,N/A,N/A,N/A,N/A,N/A,N/A,N/A,N/A,N/A,N/A,N/A,N/A,N/A,N/A,N/A,N/A,N/A,N/A,N/A,N/A,N/A,N/A,N/A,N/A,N/A,N/A,N/A,N/A,N/A,N/A,N/A,N/A,N/A,N/A,N/A,N/A,N/A,N/A,N/A,N/A,N/A,N/A,N/A,N/A,N/A,N/A,N/A,N/A,N/A,N/A,N/A,N/A,N/A,N/A,N/A,N/A,N/A,N/A,N/A,N/A,N/A,N/A,N/A,N/A,N/A,N/A,N/A,N/A,N/A,N/A,N/A,N/A,N/A,N/A,N/A,N/A,N/A,N/A,N/A,N/A,N/A,N/A,N/A,N/A,N/A,N/A,N/A,N/A,N/A,N/A,N/A,N/A,N/A,N/A,N/A,N/A,N/A,N/A,N/A,N/A,N/A,N/A,N/A,N/A,N/A,N/A,N/A,N/A,N/A,N/A,N/A,N/A,N/A,N/A,N/A,N/A,N/A,N/A,N/A,N/A,N/A,N/A,N/A,N/A,N/A,N/A,N/A,N/A,N/A,N/A,N/A,N/A,N/A,N/A,N/A,N/A,N/A,N/A,N/A,N/A,N/A,N/A,N/A,N/A,N/A,N/A,N/A,N/A,N/A,N/A,N/A,N/A,N/A,N/A,N/A,N/A,N/A
Lionel Messi,35,551516400,1987/06/24,Copa del Rey,2014/2015,Forward,FC Barcelona,540,270,270,Argentina,6,3,3,5,3,2,2,1,1,1,1,2,2,0,5,1,4,1,0,1.17,0.33,0.83,1,0.67,108,0.83,108,90,540,270,0.17,7,3,-1,2,2015,N/A,N/A,N/A,N/A,N/A,N/A,N/A,N/A,N/A,N/A,N/A,N/A,N/A,N/A,N/A,N/A,N/A,N/A,N/A,N/A,N/A,N/A,N/A,N/A,N/A,N/A,N/A,N/A,N/A,N/A,N/A,N/A,N/A,N/A,N/A,N/A,N/A,N/A,N/A,N/A,N/A,N/A,N/A,N/A,N/A,N/A,N/A,N/A,N/A,N/A,N/A,N/A,N/A,N/A,N/A,N/A,N/A,N/A,N/A,N/A,N/A,N/A,N/A,N/A,N/A,N/A,N/A,N/A,N/A,N/A,N/A,N/A,N/A,N/A,N/A,N/A,N/A,N/A,N/A,N/A,N/A,N/A,N/A,N/A,N/A,N/A,N/A,N/A,N/A,N/A,N/A,N/A,N/A,N/A,N/A,N/A,N/A,N/A,N/A,N/A,N/A,N/A,N/A,N/A,N/A,N/A,N/A,N/A,N/A,N/A,N/A,N/A,N/A,N/A,N/A,N/A,N/A,N/A,N/A,N/A,N/A,N/A,N/A,N/A,N/A,N/A,N/A,N/A,N/A,N/A,N/A,N/A,N/A,N/A,N/A,N/A,N/A,N/A,N/A,N/A,N/A,N/A,N/A,N/A,N/A,N/A,N/A,N/A,N/A,N/A,N/A,N/A,N/A,N/A,N/A,N/A,N/A,N/A,N/A,N/A,N/A,N/A,N/A,N/A,N/A,N/A,N/A,N/A,N/A,N/A,N/A,N/A,N/A,N/A,N/A,N/A,N/A,N/A,N/A,N/A,N/A,N/A,N/A,N/A,N/A,N/A,N/A,N/A,N/A,N/A,N/A,N/A,N/A,N/A,N/A,N/A,N/A,N/A,N/A,N/A,N/A,N/A,N/A,N/A,N/A,N/A,N/A,N/A,N/A,N/A,N/A,N/A,N/A,N/A,N/A,N/A,N/A,N/A,N/A,N/A,N/A,N/A,N/A,N/A,N/A,N/A,N/A
Lionel Messi,37,551516400,1987/06/24,Supercopa de Espana,2013/2014,Forward,FC Barcelona,136,90,46,Argentina,2,1,1,0,0,0,0,0,0,0,1,1,1,0,1,0,1,0,0,0,0,0,0,0,0,0.66,136,68,0,0,0,-1,-1,-1,10,2014,0.00,0,0,46,0.00,0.00,0,0,0.00,0,0,0.00,0,0.00,0.00,0.00,0,0.00,0.00,0.00,0.00,0,0.00,0.00,0.00,0.00,0.00,0.00,0.00,0.00,0.00,0.00,0.00,0.00,0.00,0.00,0.00,0.00,0.00,0.00,0.00,0,0,,0,0.00,11,0,0.00,20,0,0.00,14,1,0,2,6,0.00,99,0,0,0.00,8,0,32,0.00,15,0,0.00,99,0,0.00,0,0,0.00,0,0.00,9,0,0.00,9,0,0.00,0.00,0,0.00,0,0,0,0.00,0,0,0.00,0,93,0.00,0,N/A,N/A,N/A,N/A,0.00,0,0.00,0,0.00,0.00,0.00,20,0,99,0.00,0.00,0,12,12,0,0,0,0.00,0.00,0,29,0.00,0.00,0.00,0,0,0.00,0.00,99,0.00,0,0,0,0.00,0.00,0,0.00,0.00,0.00,0.00,0,0,0.00,44,N/A,0,1,1,44,94,0.00,0,0.00,0.00,0.00,15,0.00,0.00,3,0,0.00,0.00,0.00,0.00,6,0,0.00,14,0,3,69,0,45,3,0,0.00,99,0,0.00,0.00,0.00,0.00,0,0,1,0,0.00,0.00,0.00,0,0.00,99,0,0.00,0,0.00,99,0,0.00,0.00,32,0,3,23,35,0,0,0,0,0,29,44,60,57,0,N/A,N/A,96,16,16,0,0,17,10,N/A
Lionel Messi,35,551516400,1987/06/24,FIFA World Cup 2014 Brazil,2014,Forward,Argentina,603,360,243,Argentina,7,4,3,4,2,2,1,1,0,0,0,4,3,1,3,1,2,0,0,0.75,0.15,0.6,0.5,0.74,151,0.45,201,86,0,603,0,8,43,-1,1,2014,N/A,N/A,N/A,N/A,N/A,N/A,N/A,N/A,N/A,N/A,N/A,N/A,N/A,N/A,N/A,N/A,N/A,N/A,N/A,N/A,N/A,N/A,N/A,N/A,N/A,N/A,N/A,N/A,N/A,N/A,N/A,N/A,N/A,N/A,N/A,N/A,N/A,N/A,N/A,N/A,N/A,N/A,N/A,N/A,N/A,N/A,N/A,N/A,N/A,N/A,N/A,N/A,N/A,N/A,N/A,N/A,N/A,N/A,N/A,N/A,N/A,N/A,N/A,N/A,N/A,N/A,N/A,N/A,N/A,N/A,N/A,N/A,N/A,N/A,N/A,N/A,N/A,N/A,N/A,N/A,N/A,N/A,N/A,N/A,N/A,N/A,N/A,N/A,N/A,N/A,N/A,N/A,N/A,N/A,N/A,N/A,N/A,N/A,N/A,N/A,N/A,N/A,N/A,N/A,N/A,N/A,N/A,N/A,N/A,N/A,N/A,N/A,N/A,N/A,N/A,N/A,N/A,N/A,N/A,N/A,N/A,N/A,N/A,N/A,N/A,N/A,N/A,N/A,N/A,N/A,N/A,N/A,N/A,N/A,N/A,N/A,N/A,N/A,N/A,N/A,N/A,N/A,N/A,N/A,N/A,N/A,N/A,N/A,N/A,N/A,N/A,N/A,N/A,N/A,N/A,N/A,N/A,N/A,N/A,N/A,N/A,N/A,N/A,N/A,N/A,N/A,N/A,N/A,N/A,N/A,N/A,N/A,N/A,N/A,N/A,N/A,N/A,N/A,N/A,N/A,N/A,N/A,N/A,N/A,N/A,N/A,N/A,N/A,N/A,N/A,N/A,N/A,N/A,N/A,N/A,N/A,N/A,N/A,N/A,N/A,N/A,N/A,N/A,N/A,N/A,N/A,N/A,N/A,N/A,N/A,N/A,N/A,N/A,N/A,N/A,N/A,N/A,N/A,N/A,N/A,N/A,N/A,N/A,N/A,N/A,N/A,N/A
Lionel Messi,37,551516400,1987/06/24,La Liga,2013/2014,Forward,FC Barcelona,2502,1305,1197,Argentina,31,15,16,28,16,12,11,7,4,6,1,13,6,7,24,10,14,2,0,1.4,0.4,1.01,1.1,0.9,89,0.86,104,81,1251,227,0.07,4,13,-1,1,2014,N/A,N/A,N/A,N/A,N/A,N/A,N/A,N/A,N/A,N/A,N/A,N/A,N/A,N/A,N/A,N/A,N/A,N/A,N/A,N/A,N/A,N/A,N/A,N/A,N/A,N/A,N/A,N/A,N/A,N/A,N/A,N/A,N/A,N/A,N/A,N/A,N/A,N/A,N/A,N/A,N/A,N/A,N/A,N/A,N/A,N/A,N/A,N/A,N/A,N/A,N/A,N/A,N/A,N/A,N/A,N/A,N/A,N/A,N/A,N/A,N/A,N/A,N/A,N/A,N/A,N/A,N/A,N/A,N/A,N/A,N/A,N/A,N/A,N/A,N/A,N/A,N/A,N/A,N/A,N/A,N/A,N/A,N/A,N/A,N/A,N/A,N/A,N/A,N/A,N/A,N/A,N/A,N/A,N/A,N/A,N/A,N/A,N/A,N/A,N/A,N/A,N/A,N/A,N/A,N/A,N/A,N/A,N/A,N/A,N/A,N/A,N/A,N/A,N/A,N/A,N/A,N/A,N/A,N/A,N/A,N/A,N/A,N/A,N/A,N/A,N/A,N/A,N/A,N/A,N/A,N/A,N/A,N/A,N/A,N/A,N/A,N/A,N/A,N/A,N/A,N/A,N/A,N/A,N/A,N/A,N/A,N/A,N/A,N/A,N/A,N/A,N/A,N/A,N/A,N/A,N/A,N/A,N/A,N/A,N/A,N/A,N/A,N/A,N/A,N/A,N/A,N/A,N/A,N/A,N/A,N/A,N/A,N/A,N/A,N/A,N/A,N/A,N/A,N/A,N/A,N/A,N/A,N/A,N/A,N/A,N/A,N/A,N/A,N/A,N/A,N/A,N/A,N/A,N/A,N/A,N/A,N/A,N/A,N/A,N/A,N/A,N/A,N/A,N/A,N/A,N/A,N/A,N/A,N/A,N/A,N/A,N/A,N/A,N/A,N/A,N/A,N/A,N/A,N/A,N/A,N/A,N/A,N/A,N/A,N/A,N/A,N/A
Lionel Messi,37,551516400,1987/06/24,UEFA Champions League,2013/2014,Forward,FC Barcelona,630,360,270,Argentina,7,4,3,8,6,2,0,0,0,2,0,2,1,1,5,3,2,0,0,1.14,0,1.14,1.5,0.67,79,0.71,126,90,0,0,0,6,264,-1,1,2014,N/A,N/A,N/A,N/A,N/A,N/A,N/A,N/A,N/A,N/A,N/A,N/A,N/A,N/A,N/A,N/A,N/A,N/A,N/A,N/A,N/A,N/A,N/A,N/A,N/A,N/A,N/A,N/A,N/A,N/A,N/A,N/A,N/A,N/A,N/A,N/A,N/A,N/A,N/A,N/A,N/A,N/A,N/A,N/A,N/A,N/A,N/A,N/A,N/A,N/A,N/A,N/A,N/A,N/A,N/A,N/A,N/A,N/A,N/A,N/A,N/A,N/A,N/A,N/A,N/A,N/A,N/A,N/A,N/A,N/A,N/A,N/A,N/A,N/A,N/A,N/A,N/A,N/A,N/A,N/A,N/A,N/A,N/A,N/A,N/A,N/A,N/A,N/A,N/A,N/A,N/A,N/A,N/A,N/A,N/A,N/A,N/A,N/A,N/A,N/A,N/A,N/A,N/A,N/A,N/A,N/A,N/A,N/A,N/A,N/A,N/A,N/A,N/A,N/A,N/A,N/A,N/A,N/A,N/A,N/A,N/A,N/A,N/A,N/A,N/A,N/A,N/A,N/A,N/A,N/A,N/A,N/A,N/A,N/A,N/A,N/A,N/A,N/A,N/A,N/A,N/A,N/A,N/A,N/A,N/A,N/A,N/A,N/A,N/A,N/A,N/A,N/A,N/A,N/A,N/A,N/A,N/A,N/A,N/A,N/A,N/A,N/A,N/A,N/A,N/A,N/A,N/A,N/A,N/A,N/A,N/A,N/A,N/A,N/A,N/A,N/A,N/A,N/A,N/A,N/A,N/A,N/A,N/A,N/A,N/A,N/A,N/A,N/A,N/A,N/A,N/A,N/A,N/A,N/A,N/A,N/A,N/A,N/A,N/A,N/A,N/A,N/A,N/A,N/A,N/A,N/A,N/A,N/A,N/A,N/A,N/A,N/A,N/A,N/A,N/A,N/A,N/A,N/A,N/A,N/A,N/A,N/A,N/A,N/A,N/A,N/A,N/A
Lionel Messi,37,551516400,1987/06/24,Copa del Rey,2013/2014,Forward,FC Barcelona,476,206,270,Argentina,6,3,3,5,2,3,3,0,3,0,0,3,2,1,4,2,2,1,0,1.51,0.57,0.95,0.87,1,95,0.76,119,79,476,159,0.19,1,2,-1,1,2014,N/A,N/A,N/A,N/A,N/A,N/A,N/A,N/A,N/A,N/A,N/A,N/A,N/A,N/A,N/A,N/A,N/A,N/A,N/A,N/A,N/A,N/A,N/A,N/A,N/A,N/A,N/A,N/A,N/A,N/A,N/A,N/A,N/A,N/A,N/A,N/A,N/A,N/A,N/A,N/A,N/A,N/A,N/A,N/A,N/A,N/A,N/A,N/A,N/A,N/A,N/A,N/A,N/A,N/A,N/A,N/A,N/A,N/A,N/A,N/A,N/A,N/A,N/A,N/A,N/A,N/A,N/A,N/A,N/A,N/A,N/A,N/A,N/A,N/A,N/A,N/A,N/A,N/A,N/A,N/A,N/A,N/A,N/A,N/A,N/A,N/A,N/A,N/A,N/A,N/A,N/A,N/A,N/A,N/A,N/A,N/A,N/A,N/A,N/A,N/A,N/A,N/A,N/A,N/A,N/A,N/A,N/A,N/A,N/A,N/A,N/A,N/A,N/A,N/A,N/A,N/A,N/A,N/A,N/A,N/A,N/A,N/A,N/A,N/A,N/A,N/A,N/A,N/A,N/A,N/A,N/A,N/A,N/A,N/A,N/A,N/A,N/A,N/A,N/A,N/A,N/A,N/A,N/A,N/A,N/A,N/A,N/A,N/A,N/A,N/A,N/A,N/A,N/A,N/A,N/A,N/A,N/A,N/A,N/A,N/A,N/A,N/A,N/A,N/A,N/A,N/A,N/A,N/A,N/A,N/A,N/A,N/A,N/A,N/A,N/A,N/A,N/A,N/A,N/A,N/A,N/A,N/A,N/A,N/A,N/A,N/A,N/A,N/A,N/A,N/A,N/A,N/A,N/A,N/A,N/A,N/A,N/A,N/A,N/A,N/A,N/A,N/A,N/A,N/A,N/A,N/A,N/A,N/A,N/A,N/A,N/A,N/A,N/A,N/A,N/A,N/A,N/A,N/A,N/A,N/A,N/A,N/A,N/A,N/A,N/A,N/A,N/A
Lionel Messi,37,551516400,1987/06/24,La Liga,2012/2013,Forward,FC Barcelona,2644,1232,1412,Argentina,32,15,17,46,22,24,12,5,7,4,0,6,4,2,33,11,22,1,0,1.97,0.41,1.57,1.61,1.53,57,1.12,80,83,2644,220,0.03,1,10,-1,1,2013,N/A,N/A,N/A,N/A,N/A,N/A,N/A,N/A,N/A,N/A,N/A,N/A,N/A,N/A,N/A,N/A,N/A,N/A,N/A,N/A,N/A,N/A,N/A,N/A,N/A,N/A,N/A,N/A,N/A,N/A,N/A,N/A,N/A,N/A,N/A,N/A,N/A,N/A,N/A,N/A,N/A,N/A,N/A,N/A,N/A,N/A,N/A,N/A,N/A,N/A,N/A,N/A,N/A,N/A,N/A,N/A,N/A,N/A,N/A,N/A,N/A,N/A,N/A,N/A,N/A,N/A,N/A,N/A,N/A,N/A,N/A,N/A,N/A,N/A,N/A,N/A,N/A,N/A,N/A,N/A,N/A,N/A,N/A,N/A,N/A,N/A,N/A,N/A,N/A,N/A,N/A,N/A,N/A,N/A,N/A,N/A,N/A,N/A,N/A,N/A,N/A,N/A,N/A,N/A,N/A,N/A,N/A,N/A,N/A,N/A,N/A,N/A,N/A,N/A,N/A,N/A,N/A,N/A,N/A,N/A,N/A,N/A,N/A,N/A,N/A,N/A,N/A,N/A,N/A,N/A,N/A,N/A,N/A,N/A,N/A,N/A,N/A,N/A,N/A,N/A,N/A,N/A,N/A,N/A,N/A,N/A,N/A,N/A,N/A,N/A,N/A,N/A,N/A,N/A,N/A,N/A,N/A,N/A,N/A,N/A,N/A,N/A,N/A,N/A,N/A,N/A,N/A,N/A,N/A,N/A,N/A,N/A,N/A,N/A,N/A,N/A,N/A,N/A,N/A,N/A,N/A,N/A,N/A,N/A,N/A,N/A,N/A,N/A,N/A,N/A,N/A,N/A,N/A,N/A,N/A,N/A,N/A,N/A,N/A,N/A,N/A,N/A,N/A,N/A,N/A,N/A,N/A,N/A,N/A,N/A,N/A,N/A,N/A,N/A,N/A,N/A,N/A,N/A,N/A,N/A,N/A,N/A,N/A,N/A,N/A,N/A,N/A
Lionel Messi,36,551516400,1987/06/24,Supercopa de Espana,2012/2013,Forward,FC Barcelona,180,90,90,Argentina,2,1,1,2,1,1,0,0,0,1,0,0,0,0,4,2,2,0,0,1,0,1,1,1,90,2,45,90,0,0,0,-1,-1,-1,1,2013,0.00,0,0,46,0.00,0.00,0,0,0.00,0,0,0.00,0,0.00,0.00,0.00,0,0.00,0.00,0.00,0.00,0,0.00,0.00,0.00,0.00,0.00,0.00,0.00,0.00,0.00,0.00,0.00,0.00,0.00,0.00,0.00,0.00,0.00,0.00,0.00,0,0,,0,0.00,11,0,0.00,20,0,0.00,14,0,0,2,6,0.00,99,0,0,0.00,8,0,32,0.00,15,0,0.00,99,0,0.00,0,0,0.00,0,0.00,9,0,0.00,9,0,0.00,0.00,0,0.00,0,0,0,0.00,0,0,0.00,0,6,0.00,0,N/A,N/A,N/A,N/A,0.00,0,0.00,0,0.00,0.00,0.00,20,0,99,0.00,0.00,0,12,12,0,0,0,0.00,0.00,0,29,0.00,0.00,0.00,0,0,0.00,0.00,99,0.00,0,0,0,0.00,0.00,0,0.00,0.00,0.00,0.00,0,0,0.00,44,N/A,0,2,1,44,7,0.00,0,0.00,0.00,0.00,15,0.00,0.00,3,0,0.00,0.00,0.00,0.00,6,0,0.00,14,0,3,69,0,45,3,0,0.00,99,0,0.00,0.00,0.00,0.00,0,0,1,0,0.00,0.00,0.00,0,0.00,99,0,0.00,0,0.00,99,0,0.00,0.00,32,0,3,23,14,0,0,0,0,0,99,99,99,99,0,N/A,N/A,4,16,16,0,0,17,10,N/A
Lionel Messi,36,551516400,1987/06/24,UEFA Champions League,2012/2013,Forward,FC Barcelona,826,330,496,Argentina,11,5,6,8,4,4,2,0,2,0,0,4,2,2,11,3,8,0,0,1.09,0.22,0.87,1.09,0.73,103,1.2,75,75,0,413,0,10,90,-1,1,2013,N/A,N/A,N/A,N/A,N/A,N/A,N/A,N/A,N/A,N/A,N/A,N/A,N/A,N/A,N/A,N/A,N/A,N/A,N/A,N/A,N/A,N/A,N/A,N/A,N/A,N/A,N/A,N/A,N/A,N/A,N/A,N/A,N/A,N/A,N/A,N/A,N/A,N/A,N/A,N/A,N/A,N/A,N/A,N/A,N/A,N/A,N/A,N/A,N/A,N/A,N/A,N/A,N/A,N/A,N/A,N/A,N/A,N/A,N/A,N/A,N/A,N/A,N/A,N/A,N/A,N/A,N/A,N/A,N/A,N/A,N/A,N/A,N/A,N/A,N/A,N/A,N/A,N/A,N/A,N/A,N/A,N/A,N/A,N/A,N/A,N/A,N/A,N/A,N/A,N/A,N/A,N/A,N/A,N/A,N/A,N/A,N/A,N/A,N/A,N/A,N/A,N/A,N/A,N/A,N/A,N/A,N/A,N/A,N/A,N/A,N/A,N/A,N/A,N/A,N/A,N/A,N/A,N/A,N/A,N/A,N/A,N/A,N/A,N/A,N/A,N/A,N/A,N/A,N/A,N/A,N/A,N/A,N/A,N/A,N/A,N/A,N/A,N/A,N/A,N/A,N/A,N/A,N/A,N/A,N/A,N/A,N/A,N/A,N/A,N/A,N/A,N/A,N/A,N/A,N/A,N/A,N/A,N/A,N/A,N/A,N/A,N/A,N/A,N/A,N/A,N/A,N/A,N/A,N/A,N/A,N/A,N/A,N/A,N/A,N/A,N/A,N/A,N/A,N/A,N/A,N/A,N/A,N/A,N/A,N/A,N/A,N/A,N/A,N/A,N/A,N/A,N/A,N/A,N/A,N/A,N/A,N/A,N/A,N/A,N/A,N/A,N/A,N/A,N/A,N/A,N/A,N/A,N/A,N/A,N/A,N/A,N/A,N/A,N/A,N/A,N/A,N/A,N/A,N/A,N/A,N/A,N/A,N/A,N/A,N/A,N/A,N/A
Lionel Messi,36,551516400,1987/06/24,UEFA Champions League,2011/2012,Forward,FC Barcelona,990,450,540,Argentina,11,5,6,14,7,7,5,3,2,4,1,4,1,3,7,3,4,2,0,1.73,0.45,1.27,1.4,1.17,71,0.64,141,90,495,198,0.18,2,13,-1,1,2012,N/A,N/A,N/A,N/A,N/A,N/A,N/A,N/A,N/A,N/A,N/A,N/A,N/A,N/A,N/A,N/A,N/A,N/A,N/A,N/A,N/A,N/A,N/A,N/A,N/A,N/A,N/A,N/A,N/A,N/A,N/A,N/A,N/A,N/A,N/A,N/A,N/A,N/A,N/A,N/A,N/A,N/A,N/A,N/A,N/A,N/A,N/A,N/A,N/A,N/A,N/A,N/A,N/A,N/A,N/A,N/A,N/A,N/A,N/A,N/A,N/A,N/A,N/A,N/A,N/A,N/A,N/A,N/A,N/A,N/A,N/A,N/A,N/A,N/A,N/A,N/A,N/A,N/A,N/A,N/A,N/A,N/A,N/A,N/A,N/A,N/A,N/A,N/A,N/A,N/A,N/A,N/A,N/A,N/A,N/A,N/A,N/A,N/A,N/A,N/A,N/A,N/A,N/A,N/A,N/A,N/A,N/A,N/A,N/A,N/A,N/A,N/A,N/A,N/A,N/A,N/A,N/A,N/A,N/A,N/A,N/A,N/A,N/A,N/A,N/A,N/A,N/A,N/A,N/A,N/A,N/A,N/A,N/A,N/A,N/A,N/A,N/A,N/A,N/A,N/A,N/A,N/A,N/A,N/A,N/A,N/A,N/A,N/A,N/A,N/A,N/A,N/A,N/A,N/A,N/A,N/A,N/A,N/A,N/A,N/A,N/A,N/A,N/A,N/A,N/A,N/A,N/A,N/A,N/A,N/A,N/A,N/A,N/A,N/A,N/A,N/A,N/A,N/A,N/A,N/A,N/A,N/A,N/A,N/A,N/A,N/A,N/A,N/A,N/A,N/A,N/A,N/A,N/A,N/A,N/A,N/A,N/A,N/A,N/A,N/A,N/A,N/A,N/A,N/A,N/A,N/A,N/A,N/A,N/A,N/A,N/A,N/A,N/A,N/A,N/A,N/A,N/A,N/A,N/A,N/A,N/A,N/A,N/A,N/A,N/A,N/A,N/A
Lionel Messi,36,551516400,1987/06/24,UEFA Super Cup,2011/2012,Forward,FC Barcelona,90,90,0,Argentina,1,1,0,1,1,0,1,1,0,0,0,1,1,0,0,0,0,0,0,2,1,1,1,0,90,0,0,90,0,90,0,-1,-1,-1,1,2012,N/A,N/A,N/A,N/A,N/A,N/A,N/A,N/A,N/A,N/A,N/A,N/A,N/A,N/A,N/A,N/A,N/A,N/A,N/A,N/A,N/A,N/A,N/A,N/A,N/A,N/A,N/A,N/A,N/A,N/A,N/A,N/A,N/A,N/A,N/A,N/A,N/A,N/A,N/A,N/A,N/A,N/A,N/A,N/A,N/A,N/A,N/A,N/A,N/A,N/A,N/A,N/A,N/A,N/A,N/A,N/A,N/A,N/A,N/A,N/A,N/A,N/A,N/A,N/A,N/A,N/A,N/A,N/A,N/A,N/A,N/A,N/A,N/A,N/A,N/A,N/A,N/A,N/A,N/A,N/A,N/A,N/A,N/A,N/A,N/A,N/A,N/A,N/A,N/A,N/A,N/A,N/A,N/A,N/A,N/A,N/A,N/A,N/A,N/A,N/A,N/A,N/A,N/A,N/A,N/A,N/A,N/A,N/A,N/A,N/A,N/A,N/A,N/A,N/A,N/A,N/A,N/A,N/A,N/A,N/A,N/A,N/A,N/A,N/A,N/A,N/A,N/A,N/A,N/A,N/A,N/A,N/A,N/A,N/A,N/A,N/A,N/A,N/A,N/A,N/A,N/A,N/A,N/A,N/A,N/A,N/A,N/A,N/A,N/A,N/A,N/A,N/A,N/A,N/A,N/A,N/A,N/A,N/A,N/A,N/A,N/A,N/A,N/A,N/A,N/A,N/A,N/A,N/A,N/A,N/A,N/A,N/A,N/A,N/A,N/A,N/A,N/A,N/A,N/A,N/A,N/A,N/A,N/A,N/A,N/A,N/A,N/A,N/A,N/A,N/A,N/A,N/A,N/A,N/A,N/A,N/A,N/A,N/A,N/A,N/A,N/A,N/A,N/A,N/A,N/A,N/A,N/A,N/A,N/A,N/A,N/A,N/A,N/A,N/A,N/A,N/A,N/A,N/A,N/A,N/A,N/A,N/A,N/A,N/A,N/A,N/A,N/A
Lionel Messi,36,551516400,1987/06/24,Supercopa de Espana,2011/2012,Forward,FC Barcelona,180,90,90,Argentina,2,1,1,3,2,1,2,1,1,0,0,0,0,0,4,2,2,0,0,2.5,1,1.5,2,1,60,2,45,90,0,90,0,-1,-1,-1,1,2012,0.00,0,0,99,0.00,0.00,0,0,0.00,0,0,0.00,0,0.00,0.00,0.00,0,0.00,0.00,0.00,0.00,0,0.00,0.00,0.00,0.00,0.00,0.00,0.00,0.00,0.00,0.00,0.00,0.00,0.00,0.00,0.00,0.00,0.00,0.00,0.00,0,0,,0,0.00,11,0,0.00,20,0,0.00,14,0,0,2,6,0.00,99,0,0,0.00,8,0,32,0.00,15,0,0.00,99,0,0.00,0,0,0.00,0,0.00,9,0,0.00,9,0,0.00,0.00,0,0.00,0,0,0,0.00,0,0,0.00,0,6,0.00,0,N/A,N/A,N/A,N/A,0.00,0,0.00,0,0.00,0.00,0.00,20,0,99,0.00,0.00,0,12,12,0,0,0,0.00,0.00,0,29,0.00,0.00,0.00,0,0,0.00,0.00,99,0.00,0,0,0,0.00,0.00,0,0.00,0.00,0.00,0.00,0,0,0.00,44,N/A,0,2,1,44,7,0.00,0,0.00,0.00,0.00,15,0.00,0.00,3,0,0.00,0.00,0.00,0.00,6,0,0.00,14,0,3,69,0,45,3,0,0.00,99,0,0.00,0.00,0.00,0.00,0,0,1,0,0.00,0.00,0.00,0,0.00,99,0,0.00,0,0.00,99,0,0.00,0.00,32,0,3,23,14,0,1,0,0,0,99,99,99,99,0,N/A,N/A,4,16,16,0,0,17,10,N/A
Lionel Messi,37,551516400,1987/06/24,La Liga,2011/2012,Forward,FC Barcelona,3267,1620,1647,Argentina,37,18,19,50,35,15,18,10,8,10,1,19,12,7,26,10,16,6,0,1.87,0.5,1.38,1.94,0.82,65,0.72,126,88,545,182,0.17,1,6,-1,1,2012,N/A,N/A,N/A,N/A,N/A,N/A,N/A,N/A,N/A,N/A,N/A,N/A,N/A,N/A,N/A,N/A,N/A,N/A,N/A,N/A,N/A,N/A,N/A,N/A,N/A,N/A,N/A,N/A,N/A,N/A,N/A,N/A,N/A,N/A,N/A,N/A,N/A,N/A,N/A,N/A,N/A,N/A,N/A,N/A,N/A,N/A,N/A,N/A,N/A,N/A,N/A,N/A,N/A,N/A,N/A,N/A,N/A,N/A,N/A,N/A,N/A,N/A,N/A,N/A,N/A,N/A,N/A,N/A,N/A,N/A,N/A,N/A,N/A,N/A,N/A,N/A,N/A,N/A,N/A,N/A,N/A,N/A,N/A,N/A,N/A,N/A,N/A,N/A,N/A,N/A,N/A,N/A,N/A,N/A,N/A,N/A,N/A,N/A,N/A,N/A,N/A,N/A,N/A,N/A,N/A,N/A,N/A,N/A,N/A,N/A,N/A,N/A,N/A,N/A,N/A,N/A,N/A,N/A,N/A,N/A,N/A,N/A,N/A,N/A,N/A,N/A,N/A,N/A,N/A,N/A,N/A,N/A,N/A,N/A,N/A,N/A,N/A,N/A,N/A,N/A,N/A,N/A,N/A,N/A,N/A,N/A,N/A,N/A,N/A,N/A,N/A,N/A,N/A,N/A,N/A,N/A,N/A,N/A,N/A,N/A,N/A,N/A,N/A,N/A,N/A,N/A,N/A,N/A,N/A,N/A,N/A,N/A,N/A,N/A,N/A,N/A,N/A,N/A,N/A,N/A,N/A,N/A,N/A,N/A,N/A,N/A,N/A,N/A,N/A,N/A,N/A,N/A,N/A,N/A,N/A,N/A,N/A,N/A,N/A,N/A,N/A,N/A,N/A,N/A,N/A,N/A,N/A,N/A,N/A,N/A,N/A,N/A,N/A,N/A,N/A,N/A,N/A,N/A,N/A,N/A,N/A,N/A,N/A,N/A,N/A,N/A,N/A
Lionel Messi,36,551516400,1987/06/24,UEFA Champions League,2010/2011,Forward,FC Barcelona,1046,567,479,Argentina,13,7,6,12,7,5,4,3,1,1,1,5,2,3,8,5,3,0,0,1.38,0.34,1.03,1.11,0.94,87,0.69,131,80,0,262,0,5,34,-1,1,2011,N/A,N/A,N/A,N/A,N/A,N/A,N/A,N/A,N/A,N/A,N/A,N/A,N/A,N/A,N/A,N/A,N/A,N/A,N/A,N/A,N/A,N/A,N/A,N/A,N/A,N/A,N/A,N/A,N/A,N/A,N/A,N/A,N/A,N/A,N/A,N/A,N/A,N/A,N/A,N/A,N/A,N/A,N/A,N/A,N/A,N/A,N/A,N/A,N/A,N/A,N/A,N/A,N/A,N/A,N/A,N/A,N/A,N/A,N/A,N/A,N/A,N/A,N/A,N/A,N/A,N/A,N/A,N/A,N/A,N/A,N/A,N/A,N/A,N/A,N/A,N/A,N/A,N/A,N/A,N/A,N/A,N/A,N/A,N/A,N/A,N/A,N/A,N/A,N/A,N/A,N/A,N/A,N/A,N/A,N/A,N/A,N/A,N/A,N/A,N/A,N/A,N/A,N/A,N/A,N/A,N/A,N/A,N/A,N/A,N/A,N/A,N/A,N/A,N/A,N/A,N/A,N/A,N/A,N/A,N/A,N/A,N/A,N/A,N/A,N/A,N/A,N/A,N/A,N/A,N/A,N/A,N/A,N/A,N/A,N/A,N/A,N/A,N/A,N/A,N/A,N/A,N/A,N/A,N/A,N/A,N/A,N/A,N/A,N/A,N/A,N/A,N/A,N/A,N/A,N/A,N/A,N/A,N/A,N/A,N/A,N/A,N/A,N/A,N/A,N/A,N/A,N/A,N/A,N/A,N/A,N/A,N/A,N/A,N/A,N/A,N/A,N/A,N/A,N/A,N/A,N/A,N/A,N/A,N/A,N/A,N/A,N/A,N/A,N/A,N/A,N/A,N/A,N/A,N/A,N/A,N/A,N/A,N/A,N/A,N/A,N/A,N/A,N/A,N/A,N/A,N/A,N/A,N/A,N/A,N/A,N/A,N/A,N/A,N/A,N/A,N/A,N/A,N/A,N/A,N/A,N/A,N/A,N/A,N/A,N/A,N/A,N/A
Lionel Messi,36,551516400,1987/06/24,Supercopa de Espana,2010/2011,Forward,FC Barcelona,127,90,37,Argentina,2,1,1,3,3,0,0,0,0,0,0,1,1,0,3,0,3,0,0,2.13,0,2.13,3,0,42,2.13,42,64,0,0,0,-1,-1,-1,1,2011,0.00,0,0,46,0.00,0.00,0,0,0.00,0,0,0.00,0,0.00,0.00,0.00,0,0.00,0.00,0.00,0.00,0,0.00,0.00,0.00,0.00,0.00,0.00,0.00,0.00,0.00,0.00,0.00,0.00,0.00,0.00,0.00,0.00,0.00,0.00,0.00,0,0,,0,0.00,11,0,0.00,20,0,0.00,14,0,1,1,6,0.00,99,0,0,0.00,8,0,32,0.00,15,0,0.00,99,0,0.00,0,0,0.00,0,0.00,9,0,0.00,9,0,0.00,0.00,0,0.00,0,0,0,0.00,0,0,0.00,0,4,0.00,0,N/A,N/A,N/A,N/A,0.00,0,0.00,0,0.00,0.00,0.00,20,0,99,0.00,0.00,0,12,12,0,0,0,0.00,0.00,0,29,0.00,0.00,0.00,0,0,0.00,0.00,99,0.00,0,0,0,0.00,0.00,0,0.00,0.00,0.00,0.00,0,0,0.00,44,N/A,0,1,1,44,4,0.00,0,0.00,0.00,0.00,15,0.00,0.00,3,0,0.00,0.00,0.00,0.00,6,0,0.00,14,0,3,69,0,45,3,0,0.00,99,0,0.00,0.00,0.00,0.00,0,0,1,0,0.00,0.00,0.00,0,0.00,99,0,0.00,0,0.00,99,0,0.00,0.00,32,0,2,35,14,1,1,1,0,0,99,99,60,99,0,N/A,N/A,96,16,16,0,0,17,10,N/A
Lionel Messi,37,551516400,1987/06/24,La Liga,2010/2011,Forward,FC Barcelona,2859,1382,1477,Argentina,33,16,17,31,15,16,21,8,13,4,0,17,8,9,18,9,9,3,0,1.64,0.66,0.98,0.98,0.97,92,0.57,159,87,953,136,0.09,2,2,-1,1,2011,N/A,N/A,N/A,N/A,N/A,N/A,N/A,N/A,N/A,N/A,N/A,N/A,N/A,N/A,N/A,N/A,N/A,N/A,N/A,N/A,N/A,N/A,N/A,N/A,N/A,N/A,N/A,N/A,N/A,N/A,N/A,N/A,N/A,N/A,N/A,N/A,N/A,N/A,N/A,N/A,N/A,N/A,N/A,N/A,N/A,N/A,N/A,N/A,N/A,N/A,N/A,N/A,N/A,N/A,N/A,N/A,N/A,N/A,N/A,N/A,N/A,N/A,N/A,N/A,N/A,N/A,N/A,N/A,N/A,N/A,N/A,N/A,N/A,N/A,N/A,N/A,N/A,N/A,N/A,N/A,N/A,N/A,N/A,N/A,N/A,N/A,N/A,N/A,N/A,N/A,N/A,N/A,N/A,N/A,N/A,N/A,N/A,N/A,N/A,N/A,N/A,N/A,N/A,N/A,N/A,N/A,N/A,N/A,N/A,N/A,N/A,N/A,N/A,N/A,N/A,N/A,N/A,N/A,N/A,N/A,N/A,N/A,N/A,N/A,N/A,N/A,N/A,N/A,N/A,N/A,N/A,N/A,N/A,N/A,N/A,N/A,N/A,N/A,N/A,N/A,N/A,N/A,N/A,N/A,N/A,N/A,N/A,N/A,N/A,N/A,N/A,N/A,N/A,N/A,N/A,N/A,N/A,N/A,N/A,N/A,N/A,N/A,N/A,N/A,N/A,N/A,N/A,N/A,N/A,N/A,N/A,N/A,N/A,N/A,N/A,N/A,N/A,N/A,N/A,N/A,N/A,N/A,N/A,N/A,N/A,N/A,N/A,N/A,N/A,N/A,N/A,N/A,N/A,N/A,N/A,N/A,N/A,N/A,N/A,N/A,N/A,N/A,N/A,N/A,N/A,N/A,N/A,N/A,N/A,N/A,N/A,N/A,N/A,N/A,N/A,N/A,N/A,N/A,N/A,N/A,N/A,N/A,N/A,N/A,N/A,N/A,N/A
Lionel Messi,36,551516400,1987/06/24,UEFA Champions League,2009/2010,Forward,FC Barcelona,987,450,537,Argentina,11,5,6,8,7,1,0,0,0,0,0,5,3,2,10,3,7,0,0,0.73,0,0.73,1.4,0.17,123,0.91,99,90,0,0,0,16,139,-1,1,2010,N/A,N/A,N/A,N/A,N/A,N/A,N/A,N/A,N/A,N/A,N/A,N/A,N/A,N/A,N/A,N/A,N/A,N/A,N/A,N/A,N/A,N/A,N/A,N/A,N/A,N/A,N/A,N/A,N/A,N/A,N/A,N/A,N/A,N/A,N/A,N/A,N/A,N/A,N/A,N/A,N/A,N/A,N/A,N/A,N/A,N/A,N/A,N/A,N/A,N/A,N/A,N/A,N/A,N/A,N/A,N/A,N/A,N/A,N/A,N/A,N/A,N/A,N/A,N/A,N/A,N/A,N/A,N/A,N/A,N/A,N/A,N/A,N/A,N/A,N/A,N/A,N/A,N/A,N/A,N/A,N/A,N/A,N/A,N/A,N/A,N/A,N/A,N/A,N/A,N/A,N/A,N/A,N/A,N/A,N/A,N/A,N/A,N/A,N/A,N/A,N/A,N/A,N/A,N/A,N/A,N/A,N/A,N/A,N/A,N/A,N/A,N/A,N/A,N/A,N/A,N/A,N/A,N/A,N/A,N/A,N/A,N/A,N/A,N/A,N/A,N/A,N/A,N/A,N/A,N/A,N/A,N/A,N/A,N/A,N/A,N/A,N/A,N/A,N/A,N/A,N/A,N/A,N/A,N/A,N/A,N/A,N/A,N/A,N/A,N/A,N/A,N/A,N/A,N/A,N/A,N/A,N/A,N/A,N/A,N/A,N/A,N/A,N/A,N/A,N/A,N/A,N/A,N/A,N/A,N/A,N/A,N/A,N/A,N/A,N/A,N/A,N/A,N/A,N/A,N/A,N/A,N/A,N/A,N/A,N/A,N/A,N/A,N/A,N/A,N/A,N/A,N/A,N/A,N/A,N/A,N/A,N/A,N/A,N/A,N/A,N/A,N/A,N/A,N/A,N/A,N/A,N/A,N/A,N/A,N/A,N/A,N/A,N/A,N/A,N/A,N/A,N/A,N/A,N/A,N/A,N/A,N/A,N/A,N/A,N/A,N/A,N/A
Lionel Messi,36,551516400,1987/06/24,UEFA Super Cup,2009/2010,Forward,FC Barcelona,90,90,0,Argentina,1,1,0,0,0,0,1,1,0,0,0,1,1,0,0,0,0,1,0,1,1,0,0,0,0,0,0,90,90,90,1,-1,-1,-1,10,2010,N/A,N/A,N/A,N/A,N/A,N/A,N/A,N/A,N/A,N/A,N/A,N/A,N/A,N/A,N/A,N/A,N/A,N/A,N/A,N/A,N/A,N/A,N/A,N/A,N/A,N/A,N/A,N/A,N/A,N/A,N/A,N/A,N/A,N/A,N/A,N/A,N/A,N/A,N/A,N/A,N/A,N/A,N/A,N/A,N/A,N/A,N/A,N/A,N/A,N/A,N/A,N/A,N/A,N/A,N/A,N/A,N/A,N/A,N/A,N/A,N/A,N/A,N/A,N/A,N/A,N/A,N/A,N/A,N/A,N/A,N/A,N/A,N/A,N/A,N/A,N/A,N/A,N/A,N/A,N/A,N/A,N/A,N/A,N/A,N/A,N/A,N/A,N/A,N/A,N/A,N/A,N/A,N/A,N/A,N/A,N/A,N/A,N/A,N/A,N/A,N/A,N/A,N/A,N/A,N/A,N/A,N/A,N/A,N/A,N/A,N/A,N/A,N/A,N/A,N/A,N/A,N/A,N/A,N/A,N/A,N/A,N/A,N/A,N/A,N/A,N/A,N/A,N/A,N/A,N/A,N/A,N/A,N/A,N/A,N/A,N/A,N/A,N/A,N/A,N/A,N/A,N/A,N/A,N/A,N/A,N/A,N/A,N/A,N/A,N/A,N/A,N/A,N/A,N/A,N/A,N/A,N/A,N/A,N/A,N/A,N/A,N/A,N/A,N/A,N/A,N/A,N/A,N/A,N/A,N/A,N/A,N/A,N/A,N/A,N/A,N/A,N/A,N/A,N/A,N/A,N/A,N/A,N/A,N/A,N/A,N/A,N/A,N/A,N/A,N/A,N/A,N/A,N/A,N/A,N/A,N/A,N/A,N/A,N/A,N/A,N/A,N/A,N/A,N/A,N/A,N/A,N/A,N/A,N/A,N/A,N/A,N/A,N/A,N/A,N/A,N/A,N/A,N/A,N/A,N/A,N/A,N/A,N/A,N/A,N/A,N/A,N/A
Lionel Messi,37,551516400,1987/06/24,Copa del Rey,2009/2010,Forward,FC Barcelona,211,121,90,Argentina,3,2,1,1,1,0,0,0,0,0,0,2,1,1,2,2,0,1,0,0.43,0,0.43,0.74,0,211,0.85,106,70,211,0,0.43,-1,-1,-1,5,2010,N/A,N/A,N/A,N/A,N/A,N/A,N/A,N/A,N/A,N/A,N/A,N/A,N/A,N/A,N/A,N/A,N/A,N/A,N/A,N/A,N/A,N/A,N/A,N/A,N/A,N/A,N/A,N/A,N/A,N/A,N/A,N/A,N/A,N/A,N/A,N/A,N/A,N/A,N/A,N/A,N/A,N/A,N/A,N/A,N/A,N/A,N/A,N/A,N/A,N/A,N/A,N/A,N/A,N/A,N/A,N/A,N/A,N/A,N/A,N/A,N/A,N/A,N/A,N/A,N/A,N/A,N/A,N/A,N/A,N/A,N/A,N/A,N/A,N/A,N/A,N/A,N/A,N/A,N/A,N/A,N/A,N/A,N/A,N/A,N/A,N/A,N/A,N/A,N/A,N/A,N/A,N/A,N/A,N/A,N/A,N/A,N/A,N/A,N/A,N/A,N/A,N/A,N/A,N/A,N/A,N/A,N/A,N/A,N/A,N/A,N/A,N/A,N/A,N/A,N/A,N/A,N/A,N/A,N/A,N/A,N/A,N/A,N/A,N/A,N/A,N/A,N/A,N/A,N/A,N/A,N/A,N/A,N/A,N/A,N/A,N/A,N/A,N/A,N/A,N/A,N/A,N/A,N/A,N/A,N/A,N/A,N/A,N/A,N/A,N/A,N/A,N/A,N/A,N/A,N/A,N/A,N/A,N/A,N/A,N/A,N/A,N/A,N/A,N/A,N/A,N/A,N/A,N/A,N/A,N/A,N/A,N/A,N/A,N/A,N/A,N/A,N/A,N/A,N/A,N/A,N/A,N/A,N/A,N/A,N/A,N/A,N/A,N/A,N/A,N/A,N/A,N/A,N/A,N/A,N/A,N/A,N/A,N/A,N/A,N/A,N/A,N/A,N/A,N/A,N/A,N/A,N/A,N/A,N/A,N/A,N/A,N/A,N/A,N/A,N/A,N/A,N/A,N/A,N/A,N/A,N/A,N/A,N/A,N/A,N/A,N/A,N/A
Lionel Messi,35,551516400,1987/06/24,FIFA World Cup 2010 South Africa,2010,Forward,Argentina,450,360,90,Argentina,5,4,1,0,0,0,1,1,0,0,0,2,1,1,6,6,0,0,0,0.2,0.2,0,0,0,0,1.2,75,90,0,450,0,93,33,-1,14,2010,N/A,N/A,N/A,N/A,N/A,N/A,N/A,N/A,N/A,N/A,N/A,N/A,N/A,N/A,N/A,N/A,N/A,N/A,N/A,N/A,N/A,N/A,N/A,N/A,N/A,N/A,N/A,N/A,N/A,N/A,N/A,N/A,N/A,N/A,N/A,N/A,N/A,N/A,N/A,N/A,N/A,N/A,N/A,N/A,N/A,N/A,N/A,N/A,N/A,N/A,N/A,N/A,N/A,N/A,N/A,N/A,N/A,N/A,N/A,N/A,N/A,N/A,N/A,N/A,N/A,N/A,N/A,N/A,N/A,N/A,N/A,N/A,N/A,N/A,N/A,N/A,N/A,N/A,N/A,N/A,N/A,N/A,N/A,N/A,N/A,N/A,N/A,N/A,N/A,N/A,N/A,N/A,N/A,N/A,N/A,N/A,N/A,N/A,N/A,N/A,N/A,N/A,N/A,N/A,N/A,N/A,N/A,N/A,N/A,N/A,N/A,N/A,N/A,N/A,N/A,N/A,N/A,N/A,N/A,N/A,N/A,N/A,N/A,N/A,N/A,N/A,N/A,N/A,N/A,N/A,N/A,N/A,N/A,N/A,N/A,N/A,N/A,N/A,N/A,N/A,N/A,N/A,N/A,N/A,N/A,N/A,N/A,N/A,N/A,N/A,N/A,N/A,N/A,N/A,N/A,N/A,N/A,N/A,N/A,N/A,N/A,N/A,N/A,N/A,N/A,N/A,N/A,N/A,N/A,N/A,N/A,N/A,N/A,N/A,N/A,N/A,N/A,N/A,N/A,N/A,N/A,N/A,N/A,N/A,N/A,N/A,N/A,N/A,N/A,N/A,N/A,N/A,N/A,N/A,N/A,N/A,N/A,N/A,N/A,N/A,N/A,N/A,N/A,N/A,N/A,N/A,N/A,N/A,N/A,N/A,N/A,N/A,N/A,N/A,N/A,N/A,N/A,N/A,N/A,N/A,N/A,N/A,N/A,N/A,N/A,N/A,N/A
Lionel Messi,37,551516400,1987/06/24,La Liga,2009/2010,Forward,FC Barcelona,2808,1336,1472,Argentina,35,16,19,34,16,18,9,5,4,1,0,18,8,10,17,6,11,3,0,1.38,0.29,1.09,1.08,1.1,83,0.54,165,80,936,312,0.1,1,30,-1,1,2010,N/A,N/A,N/A,N/A,N/A,N/A,N/A,N/A,N/A,N/A,N/A,N/A,N/A,N/A,N/A,N/A,N/A,N/A,N/A,N/A,N/A,N/A,N/A,N/A,N/A,N/A,N/A,N/A,N/A,N/A,N/A,N/A,N/A,N/A,N/A,N/A,N/A,N/A,N/A,N/A,N/A,N/A,N/A,N/A,N/A,N/A,N/A,N/A,N/A,N/A,N/A,N/A,N/A,N/A,N/A,N/A,N/A,N/A,N/A,N/A,N/A,N/A,N/A,N/A,N/A,N/A,N/A,N/A,N/A,N/A,N/A,N/A,N/A,N/A,N/A,N/A,N/A,N/A,N/A,N/A,N/A,N/A,N/A,N/A,N/A,N/A,N/A,N/A,N/A,N/A,N/A,N/A,N/A,N/A,N/A,N/A,N/A,N/A,N/A,N/A,N/A,N/A,N/A,N/A,N/A,N/A,N/A,N/A,N/A,N/A,N/A,N/A,N/A,N/A,N/A,N/A,N/A,N/A,N/A,N/A,N/A,N/A,N/A,N/A,N/A,N/A,N/A,N/A,N/A,N/A,N/A,N/A,N/A,N/A,N/A,N/A,N/A,N/A,N/A,N/A,N/A,N/A,N/A,N/A,N/A,N/A,N/A,N/A,N/A,N/A,N/A,N/A,N/A,N/A,N/A,N/A,N/A,N/A,N/A,N/A,N/A,N/A,N/A,N/A,N/A,N/A,N/A,N/A,N/A,N/A,N/A,N/A,N/A,N/A,N/A,N/A,N/A,N/A,N/A,N/A,N/A,N/A,N/A,N/A,N/A,N/A,N/A,N/A,N/A,N/A,N/A,N/A,N/A,N/A,N/A,N/A,N/A,N/A,N/A,N/A,N/A,N/A,N/A,N/A,N/A,N/A,N/A,N/A,N/A,N/A,N/A,N/A,N/A,N/A,N/A,N/A,N/A,N/A,N/A,N/A,N/A,N/A,N/A,N/A,N/A,N/A,N/A
Lionel Messi,37,551516400,1987/06/24,La Liga,2008/2009,Forward,FC Barcelona,2517,1263,1254,Argentina,31,15,16,23,8,15,0,0,0,3,1,13,8,5,25,10,15,2,0,0.82,0,0.82,0.57,1.08,109,0.89,101,81,1259,0,0.07,7,395,-1,2,2009,N/A,N/A,N/A,N/A,N/A,N/A,N/A,N/A,N/A,N/A,N/A,N/A,N/A,N/A,N/A,N/A,N/A,N/A,N/A,N/A,N/A,N/A,N/A,N/A,N/A,N/A,N/A,N/A,N/A,N/A,N/A,N/A,N/A,N/A,N/A,N/A,N/A,N/A,N/A,N/A,N/A,N/A,N/A,N/A,N/A,N/A,N/A,N/A,N/A,N/A,N/A,N/A,N/A,N/A,N/A,N/A,N/A,N/A,N/A,N/A,N/A,N/A,N/A,N/A,N/A,N/A,N/A,N/A,N/A,N/A,N/A,N/A,N/A,N/A,N/A,N/A,N/A,N/A,N/A,N/A,N/A,N/A,N/A,N/A,N/A,N/A,N/A,N/A,N/A,N/A,N/A,N/A,N/A,N/A,N/A,N/A,N/A,N/A,N/A,N/A,N/A,N/A,N/A,N/A,N/A,N/A,N/A,N/A,N/A,N/A,N/A,N/A,N/A,N/A,N/A,N/A,N/A,N/A,N/A,N/A,N/A,N/A,N/A,N/A,N/A,N/A,N/A,N/A,N/A,N/A,N/A,N/A,N/A,N/A,N/A,N/A,N/A,N/A,N/A,N/A,N/A,N/A,N/A,N/A,N/A,N/A,N/A,N/A,N/A,N/A,N/A,N/A,N/A,N/A,N/A,N/A,N/A,N/A,N/A,N/A,N/A,N/A,N/A,N/A,N/A,N/A,N/A,N/A,N/A,N/A,N/A,N/A,N/A,N/A,N/A,N/A,N/A,N/A,N/A,N/A,N/A,N/A,N/A,N/A,N/A,N/A,N/A,N/A,N/A,N/A,N/A,N/A,N/A,N/A,N/A,N/A,N/A,N/A,N/A,N/A,N/A,N/A,N/A,N/A,N/A,N/A,N/A,N/A,N/A,N/A,N/A,N/A,N/A,N/A,N/A,N/A,N/A,N/A,N/A,N/A,N/A,N/A,N/A,N/A,N/A,N/A,N/A
Lionel Messi,35,551516400,1987/06/24,FIFA World Cup 2006 Germany,2006,Forward,Argentina,91,21,70,Argentina,3,2,1,1,1,0,1,1,0,0,0,2,1,1,0,0,0,0,0,1.98,0.99,0.99,4.29,0,91,0,0,30,0,91,0,-1,-1,-1,4,2006,N/A,N/A,N/A,N/A,N/A,N/A,N/A,N/A,N/A,N/A,N/A,N/A,N/A,N/A,N/A,N/A,N/A,N/A,N/A,N/A,N/A,N/A,N/A,N/A,N/A,N/A,N/A,N/A,N/A,N/A,N/A,N/A,N/A,N/A,N/A,N/A,N/A,N/A,N/A,N/A,N/A,N/A,N/A,N/A,N/A,N/A,N/A,N/A,N/A,N/A,N/A,N/A,N/A,N/A,N/A,N/A,N/A,N/A,N/A,N/A,N/A,N/A,N/A,N/A,N/A,N/A,N/A,N/A,N/A,N/A,N/A,N/A,N/A,N/A,N/A,N/A,N/A,N/A,N/A,N/A,N/A,N/A,N/A,N/A,N/A,N/A,N/A,N/A,N/A,N/A,N/A,N/A,N/A,N/A,N/A,N/A,N/A,N/A,N/A,N/A,N/A,N/A,N/A,N/A,N/A,N/A,N/A,N/A,N/A,N/A,N/A,N/A,N/A,N/A,N/A,N/A,N/A,N/A,N/A,N/A,N/A,N/A,N/A,N/A,N/A,N/A,N/A,N/A,N/A,N/A,N/A,N/A,N/A,N/A,N/A,N/A,N/A,N/A,N/A,N/A,N/A,N/A,N/A,N/A,N/A,N/A,N/A,N/A,N/A,N/A,N/A,N/A,N/A,N/A,N/A,N/A,N/A,N/A,N/A,N/A,N/A,N/A,N/A,N/A,N/A,N/A,N/A,N/A,N/A,N/A,N/A,N/A,N/A,N/A,N/A,N/A,N/A,N/A,N/A,N/A,N/A,N/A,N/A,N/A,N/A,N/A,N/A,N/A,N/A,N/A,N/A,N/A,N/A,N/A,N/A,N/A,N/A,N/A,N/A,N/A,N/A,N/A,N/A,N/A,N/A,N/A,N/A,N/A,N/A,N/A,N/A,N/A,N/A,N/A,N/A,N/A,N/A,N/A,N/A,N/A,N/A,N/A,N/A,N/A,N/A,N/A,N/A
